frame,ID,x,y,w,h,scenefolderpath,crossing_true,filename
0,pedestrian1,1230.0,461.0,78.0,203.0,D:\pedestrian\JAAD\images\video_0231,0,00000.png
1,pedestrian1,1235.0,460.0,73.0,205.0,D:\pedestrian\JAAD\images\video_0231,0,00001.png
2,pedestrian1,1241.0,460.0,69.0,206.0,D:\pedestrian\JAAD\images\video_0231,0,00002.png
3,pedestrian1,1246.0,459.0,64.0,208.0,D:\pedestrian\JAAD\images\video_0231,0,00003.png
4,pedestrian1,1248.0,461.0,66.0,206.0,D:\pedestrian\JAAD\images\video_0231,0,00004.png
5,pedestrian1,1250.0,464.0,68.0,205.0,D:\pedestrian\JAAD\images\video_0231,0,00005.png
6,pedestrian1,1252.0,466.0,70.0,203.0,D:\pedestrian\JAAD\images\video_0231,0,00006.png
7,pedestrian1,1256.0,466.0,70.0,207.0,D:\pedestrian\JAAD\images\video_0231,0,00007.png
8,pedestrian1,1261.0,466.0,70.0,210.0,D:\pedestrian\JAAD\images\video_0231,0,00008.png
9,pedestrian1,1265.0,466.0,70.0,214.0,D:\pedestrian\JAAD\images\video_0231,0,00009.png
10,pedestrian1,1269.0,467.0,70.0,215.0,D:\pedestrian\JAAD\images\video_0231,0,00010.png
11,pedestrian1,1273.0,468.0,70.0,215.0,D:\pedestrian\JAAD\images\video_0231,0,00011.png
12,pedestrian1,1276.0,468.0,69.0,216.0,D:\pedestrian\JAAD\images\video_0231,0,00012.png
13,pedestrian1,1280.0,469.0,69.0,216.0,D:\pedestrian\JAAD\images\video_0231,0,00013.png
14,pedestrian1,1283.0,467.0,71.0,221.0,D:\pedestrian\JAAD\images\video_0231,0,00014.png
15,pedestrian1,1285.0,465.0,74.0,226.0,D:\pedestrian\JAAD\images\video_0231,0,00015.png
16,pedestrian1,1288.0,462.0,76.0,231.0,D:\pedestrian\JAAD\images\video_0231,0,00016.png
17,pedestrian1,1290.0,460.0,78.0,236.0,D:\pedestrian\JAAD\images\video_0231,0,00017.png
18,pedestrian1,1294.0,461.0,76.0,235.0,D:\pedestrian\JAAD\images\video_0231,0,00018.png
19,pedestrian1,1298.0,461.0,73.0,233.0,D:\pedestrian\JAAD\images\video_0231,0,00019.png
20,pedestrian1,1302.0,462.0,71.0,232.0,D:\pedestrian\JAAD\images\video_0231,0,00020.png
21,pedestrian1,1306.0,463.0,71.0,233.0,D:\pedestrian\JAAD\images\video_0231,0,00021.png
22,pedestrian1,1310.0,463.0,72.0,235.0,D:\pedestrian\JAAD\images\video_0231,0,00022.png
23,pedestrian1,1314.0,464.0,72.0,236.0,D:\pedestrian\JAAD\images\video_0231,0,00023.png
24,pedestrian1,1315.0,466.0,74.0,237.0,D:\pedestrian\JAAD\images\video_0231,0,00024.png
25,pedestrian1,1317.0,468.0,75.0,238.0,D:\pedestrian\JAAD\images\video_0231,0,00025.png
26,pedestrian1,1318.0,470.0,77.0,239.0,D:\pedestrian\JAAD\images\video_0231,0,00026.png
27,pedestrian1,1319.0,472.0,78.0,240.0,D:\pedestrian\JAAD\images\video_0231,0,00027.png
28,pedestrian1,1322.0,472.0,78.0,242.0,D:\pedestrian\JAAD\images\video_0231,0,00028.png
29,pedestrian1,1324.0,472.0,78.0,244.0,D:\pedestrian\JAAD\images\video_0231,0,00029.png
30,pedestrian1,1327.0,471.0,77.0,245.0,D:\pedestrian\JAAD\images\video_0231,0,00030.png
31,pedestrian1,1329.0,471.0,77.0,247.0,D:\pedestrian\JAAD\images\video_0231,0,00031.png
32,pedestrian1,1329.0,473.0,80.0,248.0,D:\pedestrian\JAAD\images\video_0231,0,00032.png
33,pedestrian1,1328.0,474.0,83.0,248.0,D:\pedestrian\JAAD\images\video_0231,1,00033.png
34,pedestrian1,1328.0,476.0,85.0,249.0,D:\pedestrian\JAAD\images\video_0231,1,00034.png
35,pedestrian1,1327.0,477.0,88.0,249.0,D:\pedestrian\JAAD\images\video_0231,1,00035.png
36,pedestrian1,1316.0,475.0,102.0,253.0,D:\pedestrian\JAAD\images\video_0231,1,00036.png
37,pedestrian1,1304.0,473.0,117.0,256.0,D:\pedestrian\JAAD\images\video_0231,1,00037.png
38,pedestrian1,1293.0,471.0,131.0,260.0,D:\pedestrian\JAAD\images\video_0231,1,00038.png
39,pedestrian1,1292.0,473.0,134.0,258.0,D:\pedestrian\JAAD\images\video_0231,1,00039.png
40,pedestrian1,1291.0,476.0,138.0,255.0,D:\pedestrian\JAAD\images\video_0231,1,00040.png
41,pedestrian1,1290.0,478.0,141.0,253.0,D:\pedestrian\JAAD\images\video_0231,1,00041.png
42,pedestrian1,1291.0,479.0,142.0,253.0,D:\pedestrian\JAAD\images\video_0231,1,00042.png
43,pedestrian1,1292.0,480.0,143.0,253.0,D:\pedestrian\JAAD\images\video_0231,1,00043.png
44,pedestrian1,1293.0,481.0,143.0,253.0,D:\pedestrian\JAAD\images\video_0231,1,00044.png
45,pedestrian1,1294.0,482.0,144.0,253.0,D:\pedestrian\JAAD\images\video_0231,1,00045.png
46,pedestrian1,1294.0,482.0,141.0,256.0,D:\pedestrian\JAAD\images\video_0231,1,00046.png
47,pedestrian1,1295.0,482.0,138.0,258.0,D:\pedestrian\JAAD\images\video_0231,1,00047.png
48,pedestrian1,1295.0,482.0,134.0,261.0,D:\pedestrian\JAAD\images\video_0231,1,00048.png
49,pedestrian1,1295.0,482.0,131.0,263.0,D:\pedestrian\JAAD\images\video_0231,1,00049.png
50,pedestrian1,1291.0,482.0,124.0,263.0,D:\pedestrian\JAAD\images\video_0231,1,00050.png
51,pedestrian1,1286.0,482.0,118.0,263.0,D:\pedestrian\JAAD\images\video_0231,1,00051.png
52,pedestrian1,1282.0,482.0,111.0,263.0,D:\pedestrian\JAAD\images\video_0231,1,00052.png
53,pedestrian1,1274.0,481.0,114.0,265.0,D:\pedestrian\JAAD\images\video_0231,1,00053.png
54,pedestrian1,1265.0,481.0,118.0,266.0,D:\pedestrian\JAAD\images\video_0231,1,00054.png
55,pedestrian1,1257.0,480.0,121.0,268.0,D:\pedestrian\JAAD\images\video_0231,1,00055.png
56,pedestrian1,1247.0,481.0,128.0,268.0,D:\pedestrian\JAAD\images\video_0231,1,00056.png
57,pedestrian1,1236.0,481.0,136.0,269.0,D:\pedestrian\JAAD\images\video_0231,1,00057.png
58,pedestrian1,1226.0,482.0,143.0,269.0,D:\pedestrian\JAAD\images\video_0231,1,00058.png
59,pedestrian1,1218.0,482.0,153.0,269.0,D:\pedestrian\JAAD\images\video_0231,1,00059.png
60,pedestrian1,1210.0,483.0,164.0,268.0,D:\pedestrian\JAAD\images\video_0231,1,00060.png
61,pedestrian1,1202.0,483.0,174.0,268.0,D:\pedestrian\JAAD\images\video_0231,1,00061.png
62,pedestrian1,1203.0,482.0,167.0,270.0,D:\pedestrian\JAAD\images\video_0231,1,00062.png
63,pedestrian1,1205.0,481.0,159.0,272.0,D:\pedestrian\JAAD\images\video_0231,1,00063.png
64,pedestrian1,1206.0,480.0,152.0,273.0,D:\pedestrian\JAAD\images\video_0231,1,00064.png
65,pedestrian1,1207.0,479.0,144.0,275.0,D:\pedestrian\JAAD\images\video_0231,1,00065.png
66,pedestrian1,1198.0,479.0,135.0,275.0,D:\pedestrian\JAAD\images\video_0231,1,00066.png
67,pedestrian1,1190.0,479.0,126.0,276.0,D:\pedestrian\JAAD\images\video_0231,1,00067.png
68,pedestrian1,1181.0,478.0,117.0,276.0,D:\pedestrian\JAAD\images\video_0231,1,00068.png
69,pedestrian1,1172.0,478.0,108.0,276.0,D:\pedestrian\JAAD\images\video_0231,1,00069.png
70,pedestrian1,1162.0,478.0,118.0,276.0,D:\pedestrian\JAAD\images\video_0231,1,00070.png
71,pedestrian1,1153.0,479.0,128.0,277.0,D:\pedestrian\JAAD\images\video_0231,1,00071.png
72,pedestrian1,1143.0,479.0,137.0,277.0,D:\pedestrian\JAAD\images\video_0231,1,00072.png
73,pedestrian1,1133.0,479.0,147.0,277.0,D:\pedestrian\JAAD\images\video_0231,1,00073.png
74,pedestrian1,1124.0,478.0,155.0,279.0,D:\pedestrian\JAAD\images\video_0231,1,00074.png
75,pedestrian1,1114.0,477.0,162.0,281.0,D:\pedestrian\JAAD\images\video_0231,1,00075.png
76,pedestrian1,1105.0,476.0,170.0,283.0,D:\pedestrian\JAAD\images\video_0231,1,00076.png
77,pedestrian1,1098.0,475.0,165.0,283.0,D:\pedestrian\JAAD\images\video_0231,1,00077.png
78,pedestrian1,1091.0,475.0,160.0,283.0,D:\pedestrian\JAAD\images\video_0231,1,00078.png
79,pedestrian1,1083.0,474.0,155.0,284.0,D:\pedestrian\JAAD\images\video_0231,1,00079.png
80,pedestrian1,1076.0,474.0,150.0,284.0,D:\pedestrian\JAAD\images\video_0231,1,00080.png
81,pedestrian1,1069.0,473.0,145.0,284.0,D:\pedestrian\JAAD\images\video_0231,1,00081.png
82,pedestrian1,1063.0,473.0,142.0,283.0,D:\pedestrian\JAAD\images\video_0231,1,00082.png
83,pedestrian1,1057.0,473.0,138.0,283.0,D:\pedestrian\JAAD\images\video_0231,1,00083.png
84,pedestrian1,1050.0,473.0,135.0,282.0,D:\pedestrian\JAAD\images\video_0231,1,00084.png
85,pedestrian1,1044.0,473.0,131.0,281.0,D:\pedestrian\JAAD\images\video_0231,1,00085.png
86,pedestrian1,1036.0,473.0,139.0,281.0,D:\pedestrian\JAAD\images\video_0231,1,00086.png
87,pedestrian1,1028.0,472.0,146.0,280.0,D:\pedestrian\JAAD\images\video_0231,1,00087.png
88,pedestrian1,1019.0,472.0,154.0,280.0,D:\pedestrian\JAAD\images\video_0231,1,00088.png
89,pedestrian1,1011.0,471.0,161.0,279.0,D:\pedestrian\JAAD\images\video_0231,1,00089.png
90,pedestrian1,1003.0,471.0,169.0,279.0,D:\pedestrian\JAAD\images\video_0231,1,00090.png
91,pedestrian1,1001.0,471.0,163.0,279.0,D:\pedestrian\JAAD\images\video_0231,1,00091.png
92,pedestrian1,998.0,471.0,156.0,279.0,D:\pedestrian\JAAD\images\video_0231,1,00092.png
93,pedestrian1,996.0,471.0,150.0,279.0,D:\pedestrian\JAAD\images\video_0231,1,00093.png
94,pedestrian1,989.0,469.0,139.0,281.0,D:\pedestrian\JAAD\images\video_0231,1,00094.png
95,pedestrian1,981.0,468.0,129.0,283.0,D:\pedestrian\JAAD\images\video_0231,1,00095.png
96,pedestrian1,974.0,466.0,118.0,285.0,D:\pedestrian\JAAD\images\video_0231,1,00096.png
97,pedestrian1,967.0,467.0,117.0,284.0,D:\pedestrian\JAAD\images\video_0231,1,00097.png
98,pedestrian1,959.0,467.0,116.0,284.0,D:\pedestrian\JAAD\images\video_0231,1,00098.png
99,pedestrian1,952.0,468.0,115.0,283.0,D:\pedestrian\JAAD\images\video_0231,1,00099.png
100,pedestrian1,940.0,469.0,127.0,282.0,D:\pedestrian\JAAD\images\video_0231,1,00100.png
101,pedestrian1,927.0,471.0,139.0,281.0,D:\pedestrian\JAAD\images\video_0231,1,00101.png
102,pedestrian1,915.0,472.0,150.0,279.0,D:\pedestrian\JAAD\images\video_0231,1,00102.png
103,pedestrian1,902.0,473.0,162.0,278.0,D:\pedestrian\JAAD\images\video_0231,1,00103.png
104,pedestrian1,895.0,473.0,161.0,279.0,D:\pedestrian\JAAD\images\video_0231,1,00104.png
105,pedestrian1,889.0,472.0,161.0,280.0,D:\pedestrian\JAAD\images\video_0231,1,00105.png
106,pedestrian1,882.0,472.0,160.0,281.0,D:\pedestrian\JAAD\images\video_0231,1,00106.png
107,pedestrian1,877.0,471.0,149.0,281.0,D:\pedestrian\JAAD\images\video_0231,1,00107.png
108,pedestrian1,871.0,471.0,138.0,281.0,D:\pedestrian\JAAD\images\video_0231,1,00108.png
109,pedestrian1,866.0,470.0,127.0,281.0,D:\pedestrian\JAAD\images\video_0231,1,00109.png
110,pedestrian1,857.0,471.0,126.0,280.0,D:\pedestrian\JAAD\images\video_0231,1,00110.png
111,pedestrian1,848.0,472.0,125.0,280.0,D:\pedestrian\JAAD\images\video_0231,1,00111.png
112,pedestrian1,839.0,472.0,123.0,279.0,D:\pedestrian\JAAD\images\video_0231,1,00112.png
113,pedestrian1,830.0,473.0,122.0,278.0,D:\pedestrian\JAAD\images\video_0231,1,00113.png
114,pedestrian1,815.0,473.0,136.0,278.0,D:\pedestrian\JAAD\images\video_0231,1,00114.png
115,pedestrian1,800.0,474.0,151.0,277.0,D:\pedestrian\JAAD\images\video_0231,1,00115.png
116,pedestrian1,785.0,474.0,165.0,277.0,D:\pedestrian\JAAD\images\video_0231,1,00116.png
117,pedestrian1,770.0,474.0,179.0,276.0,D:\pedestrian\JAAD\images\video_0231,1,00117.png
118,pedestrian1,768.0,475.0,173.0,277.0,D:\pedestrian\JAAD\images\video_0231,1,00118.png
119,pedestrian1,767.0,475.0,166.0,277.0,D:\pedestrian\JAAD\images\video_0231,1,00119.png
120,pedestrian1,765.0,476.0,160.0,278.0,D:\pedestrian\JAAD\images\video_0231,1,00120.png
121,pedestrian1,760.0,476.0,145.0,276.0,D:\pedestrian\JAAD\images\video_0231,1,00121.png
122,pedestrian1,754.0,477.0,131.0,275.0,D:\pedestrian\JAAD\images\video_0231,1,00122.png
123,pedestrian1,748.0,477.0,119.0,274.0,D:\pedestrian\JAAD\images\video_0231,1,00123.png
124,pedestrian1,742.0,477.0,109.0,272.0,D:\pedestrian\JAAD\images\video_0231,1,00124.png
125,pedestrian1,736.0,477.0,103.0,272.0,D:\pedestrian\JAAD\images\video_0231,1,00125.png
126,pedestrian1,729.0,477.0,101.0,272.0,D:\pedestrian\JAAD\images\video_0231,1,00126.png
127,pedestrian1,722.0,477.0,101.0,272.0,D:\pedestrian\JAAD\images\video_0231,1,00127.png
128,pedestrian1,714.0,477.0,102.0,272.0,D:\pedestrian\JAAD\images\video_0231,1,00128.png
129,pedestrian1,707.0,477.0,103.0,272.0,D:\pedestrian\JAAD\images\video_0231,1,00129.png
130,pedestrian1,698.0,477.0,114.0,271.0,D:\pedestrian\JAAD\images\video_0231,1,00130.png
131,pedestrian1,690.0,477.0,124.0,270.0,D:\pedestrian\JAAD\images\video_0231,1,00131.png
132,pedestrian1,681.0,477.0,133.0,269.0,D:\pedestrian\JAAD\images\video_0231,1,00132.png
133,pedestrian1,672.0,477.0,139.0,269.0,D:\pedestrian\JAAD\images\video_0231,1,00133.png
134,pedestrian1,664.0,477.0,137.0,269.0,D:\pedestrian\JAAD\images\video_0231,1,00134.png
135,pedestrian1,657.0,477.0,131.0,268.0,D:\pedestrian\JAAD\images\video_0231,1,00135.png
136,pedestrian1,650.0,477.0,124.0,268.0,D:\pedestrian\JAAD\images\video_0231,1,00136.png
137,pedestrian1,643.0,477.0,117.0,268.0,D:\pedestrian\JAAD\images\video_0231,1,00137.png
138,pedestrian1,636.0,477.0,112.0,268.0,D:\pedestrian\JAAD\images\video_0231,1,00138.png
139,pedestrian1,628.0,478.0,109.0,267.0,D:\pedestrian\JAAD\images\video_0231,1,00139.png
140,pedestrian1,620.0,478.0,110.0,268.0,D:\pedestrian\JAAD\images\video_0231,1,00140.png
141,pedestrian1,611.0,478.0,113.0,268.0,D:\pedestrian\JAAD\images\video_0231,1,00141.png
142,pedestrian1,602.0,478.0,117.0,268.0,D:\pedestrian\JAAD\images\video_0231,1,00142.png
143,pedestrian1,593.0,477.0,123.0,269.0,D:\pedestrian\JAAD\images\video_0231,1,00143.png
144,pedestrian1,584.0,477.0,130.0,270.0,D:\pedestrian\JAAD\images\video_0231,1,00144.png
145,pedestrian1,574.0,477.0,140.0,271.0,D:\pedestrian\JAAD\images\video_0231,1,00145.png
146,pedestrian1,564.0,477.0,151.0,272.0,D:\pedestrian\JAAD\images\video_0231,1,00146.png
147,pedestrian1,554.0,477.0,163.0,273.0,D:\pedestrian\JAAD\images\video_0231,1,00147.png
148,pedestrian1,551.0,479.0,156.0,271.0,D:\pedestrian\JAAD\images\video_0231,1,00148.png
149,pedestrian1,547.0,480.0,149.0,269.0,D:\pedestrian\JAAD\images\video_0231,1,00149.png
150,pedestrian1,544.0,482.0,142.0,266.0,D:\pedestrian\JAAD\images\video_0231,1,00150.png
151,pedestrian1,540.0,483.0,135.0,264.0,D:\pedestrian\JAAD\images\video_0231,1,00151.png
152,pedestrian1,534.0,481.0,123.0,267.0,D:\pedestrian\JAAD\images\video_0231,1,00152.png
153,pedestrian1,528.0,478.0,110.0,269.0,D:\pedestrian\JAAD\images\video_0231,1,00153.png
154,pedestrian1,522.0,476.0,98.0,272.0,D:\pedestrian\JAAD\images\video_0231,1,00154.png
155,pedestrian1,512.0,478.0,105.0,271.0,D:\pedestrian\JAAD\images\video_0231,1,00155.png
156,pedestrian1,501.0,481.0,112.0,269.0,D:\pedestrian\JAAD\images\video_0231,1,00156.png
157,pedestrian1,491.0,483.0,118.0,268.0,D:\pedestrian\JAAD\images\video_0231,1,00157.png
158,pedestrian1,480.0,485.0,125.0,266.0,D:\pedestrian\JAAD\images\video_0231,1,00158.png
159,pedestrian1,476.0,486.0,128.0,264.0,D:\pedestrian\JAAD\images\video_0231,1,00159.png
160,pedestrian1,472.0,487.0,132.0,262.0,D:\pedestrian\JAAD\images\video_0231,1,00160.png
161,pedestrian1,468.0,487.0,135.0,259.0,D:\pedestrian\JAAD\images\video_0231,1,00161.png
162,pedestrian1,464.0,488.0,138.0,257.0,D:\pedestrian\JAAD\images\video_0231,1,00162.png
163,pedestrian1,456.0,486.0,135.0,258.0,D:\pedestrian\JAAD\images\video_0231,1,00163.png
164,pedestrian1,448.0,484.0,131.0,260.0,D:\pedestrian\JAAD\images\video_0231,1,00164.png
165,pedestrian1,440.0,482.0,128.0,261.0,D:\pedestrian\JAAD\images\video_0231,1,00165.png
166,pedestrian1,432.0,480.0,124.0,262.0,D:\pedestrian\JAAD\images\video_0231,1,00166.png
167,pedestrian1,425.0,481.0,122.0,261.0,D:\pedestrian\JAAD\images\video_0231,1,00167.png
168,pedestrian1,418.0,483.0,120.0,261.0,D:\pedestrian\JAAD\images\video_0231,1,00168.png
169,pedestrian1,410.0,484.0,117.0,260.0,D:\pedestrian\JAAD\images\video_0231,1,00169.png
170,pedestrian1,403.0,485.0,115.0,259.0,D:\pedestrian\JAAD\images\video_0231,1,00170.png
171,pedestrian1,395.0,486.0,123.0,258.0,D:\pedestrian\JAAD\images\video_0231,1,00171.png
172,pedestrian1,387.0,487.0,131.0,258.0,D:\pedestrian\JAAD\images\video_0231,1,00172.png
173,pedestrian1,379.0,488.0,139.0,257.0,D:\pedestrian\JAAD\images\video_0231,1,00173.png
174,pedestrian1,371.0,489.0,147.0,256.0,D:\pedestrian\JAAD\images\video_0231,1,00174.png
175,pedestrian1,367.0,490.0,146.0,255.0,D:\pedestrian\JAAD\images\video_0231,1,00175.png
176,pedestrian1,363.0,491.0,146.0,253.0,D:\pedestrian\JAAD\images\video_0231,1,00176.png
177,pedestrian1,359.0,491.0,145.0,252.0,D:\pedestrian\JAAD\images\video_0231,1,00177.png
178,pedestrian1,355.0,492.0,144.0,250.0,D:\pedestrian\JAAD\images\video_0231,1,00178.png
179,pedestrian1,350.0,492.0,134.0,250.0,D:\pedestrian\JAAD\images\video_0231,1,00179.png
180,pedestrian1,344.0,493.0,124.0,251.0,D:\pedestrian\JAAD\images\video_0231,1,00180.png
181,pedestrian1,339.0,493.0,113.0,251.0,D:\pedestrian\JAAD\images\video_0231,1,00181.png
182,pedestrian1,333.0,493.0,103.0,251.0,D:\pedestrian\JAAD\images\video_0231,1,00182.png
183,pedestrian1,328.0,494.0,103.0,250.0,D:\pedestrian\JAAD\images\video_0231,1,00183.png
184,pedestrian1,324.0,495.0,103.0,250.0,D:\pedestrian\JAAD\images\video_0231,1,00184.png
185,pedestrian1,319.0,496.0,103.0,249.0,D:\pedestrian\JAAD\images\video_0231,1,00185.png
186,pedestrian1,314.0,497.0,103.0,248.0,D:\pedestrian\JAAD\images\video_0231,1,00186.png
187,pedestrian1,306.0,497.0,113.0,247.0,D:\pedestrian\JAAD\images\video_0231,1,00187.png
188,pedestrian1,297.0,496.0,123.0,247.0,D:\pedestrian\JAAD\images\video_0231,1,00188.png
189,pedestrian1,289.0,496.0,133.0,246.0,D:\pedestrian\JAAD\images\video_0231,1,00189.png
190,pedestrian1,286.0,496.0,129.0,246.0,D:\pedestrian\JAAD\images\video_0231,1,00190.png
191,pedestrian1,284.0,496.0,125.0,245.0,D:\pedestrian\JAAD\images\video_0231,1,00191.png
192,pedestrian1,281.0,496.0,120.0,245.0,D:\pedestrian\JAAD\images\video_0231,1,00192.png
193,pedestrian1,279.0,496.0,116.0,244.0,D:\pedestrian\JAAD\images\video_0231,1,00193.png
194,pedestrian1,276.0,496.0,112.0,244.0,D:\pedestrian\JAAD\images\video_0231,1,00194.png
195,pedestrian1,271.0,497.0,104.0,244.0,D:\pedestrian\JAAD\images\video_0231,1,00195.png
196,pedestrian1,266.0,498.0,96.0,245.0,D:\pedestrian\JAAD\images\video_0231,1,00196.png
197,pedestrian1,261.0,499.0,88.0,245.0,D:\pedestrian\JAAD\images\video_0231,1,00197.png
198,pedestrian1,253.0,499.0,94.0,245.0,D:\pedestrian\JAAD\images\video_0231,1,00198.png
199,pedestrian1,245.0,499.0,100.0,245.0,D:\pedestrian\JAAD\images\video_0231,1,00199.png
200,pedestrian1,237.0,500.0,106.0,244.0,D:\pedestrian\JAAD\images\video_0231,1,00200.png
201,pedestrian1,229.0,500.0,112.0,244.0,D:\pedestrian\JAAD\images\video_0231,1,00201.png
202,pedestrian1,221.0,500.0,118.0,244.0,D:\pedestrian\JAAD\images\video_0231,1,00202.png
203,pedestrian1,220.0,503.0,118.0,243.0,D:\pedestrian\JAAD\images\video_0231,1,00203.png
204,pedestrian1,219.0,505.0,118.0,242.0,D:\pedestrian\JAAD\images\video_0231,1,00204.png
205,pedestrian1,217.0,508.0,117.0,241.0,D:\pedestrian\JAAD\images\video_0231,1,00205.png
206,pedestrian1,216.0,510.0,117.0,240.0,D:\pedestrian\JAAD\images\video_0231,1,00206.png
207,pedestrian1,212.0,510.0,111.0,239.0,D:\pedestrian\JAAD\images\video_0231,1,00207.png
208,pedestrian1,209.0,511.0,106.0,239.0,D:\pedestrian\JAAD\images\video_0231,1,00208.png
209,pedestrian1,205.0,511.0,100.0,238.0,D:\pedestrian\JAAD\images\video_0231,1,00209.png
210,pedestrian1,201.0,511.0,94.0,237.0,D:\pedestrian\JAAD\images\video_0231,1,00210.png
211,pedestrian1,193.0,512.0,97.0,237.0,D:\pedestrian\JAAD\images\video_0231,1,00211.png
212,pedestrian1,185.0,513.0,100.0,237.0,D:\pedestrian\JAAD\images\video_0231,1,00212.png
213,pedestrian1,177.0,513.0,102.0,237.0,D:\pedestrian\JAAD\images\video_0231,1,00213.png
214,pedestrian1,169.0,514.0,105.0,237.0,D:\pedestrian\JAAD\images\video_0231,1,00214.png
215,pedestrian1,163.0,517.0,109.0,236.0,D:\pedestrian\JAAD\images\video_0231,1,00215.png
216,pedestrian1,157.0,520.0,112.0,234.0,D:\pedestrian\JAAD\images\video_0231,1,00216.png
217,pedestrian1,150.0,522.0,116.0,233.0,D:\pedestrian\JAAD\images\video_0231,1,00217.png
218,pedestrian1,144.0,525.0,119.0,231.0,D:\pedestrian\JAAD\images\video_0231,1,00218.png
219,pedestrian1,141.0,525.0,114.0,232.0,D:\pedestrian\JAAD\images\video_0231,1,00219.png
220,pedestrian1,139.0,525.0,110.0,233.0,D:\pedestrian\JAAD\images\video_0231,1,00220.png
221,pedestrian1,136.0,525.0,105.0,234.0,D:\pedestrian\JAAD\images\video_0231,1,00221.png
222,pedestrian1,133.0,525.0,100.0,235.0,D:\pedestrian\JAAD\images\video_0231,1,00222.png
223,pedestrian1,126.0,525.0,97.0,237.0,D:\pedestrian\JAAD\images\video_0231,1,00223.png
224,pedestrian1,119.0,525.0,93.0,239.0,D:\pedestrian\JAAD\images\video_0231,1,00224.png
225,pedestrian1,111.0,524.0,90.0,240.0,D:\pedestrian\JAAD\images\video_0231,1,00225.png
226,pedestrian1,104.0,524.0,86.0,242.0,D:\pedestrian\JAAD\images\video_0231,1,00226.png
227,pedestrian1,96.0,526.0,89.0,241.0,D:\pedestrian\JAAD\images\video_0231,1,00227.png
228,pedestrian1,88.0,528.0,93.0,239.0,D:\pedestrian\JAAD\images\video_0231,1,00228.png
229,pedestrian1,80.0,529.0,96.0,238.0,D:\pedestrian\JAAD\images\video_0231,1,00229.png
230,pedestrian1,72.0,531.0,99.0,236.0,D:\pedestrian\JAAD\images\video_0231,1,00230.png
231,pedestrian1,68.0,533.0,99.0,237.0,D:\pedestrian\JAAD\images\video_0231,1,00231.png
232,pedestrian1,64.0,535.0,98.0,237.0,D:\pedestrian\JAAD\images\video_0231,1,00232.png
233,pedestrian1,60.0,537.0,98.0,238.0,D:\pedestrian\JAAD\images\video_0231,1,00233.png
234,pedestrian1,56.0,539.0,97.0,238.0,D:\pedestrian\JAAD\images\video_0231,1,00234.png
235,pedestrian1,47.0,542.0,97.0,238.0,D:\pedestrian\JAAD\images\video_0231,1,00235.png
236,pedestrian1,39.0,545.0,96.0,238.0,D:\pedestrian\JAAD\images\video_0231,1,00236.png
237,pedestrian1,30.0,547.0,96.0,238.0,D:\pedestrian\JAAD\images\video_0231,1,00237.png
238,pedestrian1,21.0,550.0,95.0,238.0,D:\pedestrian\JAAD\images\video_0231,1,00238.png
239,pedestrian1,14.0,551.0,89.0,241.0,D:\pedestrian\JAAD\images\video_0231,1,00239.png
240,pedestrian1,0.0,551.0,92.0,246.0,D:\pedestrian\JAAD\images\video_0231,1,00240.png
241,pedestrian1,1.0,554.0,77.0,247.0,D:\pedestrian\JAAD\images\video_0231,1,00241.png
242,pedestrian1,2.0,564.0,70.0,242.0,D:\pedestrian\JAAD\images\video_0231,1,00242.png
243,pedestrian1,2.0,559.0,63.0,250.0,D:\pedestrian\JAAD\images\video_0231,1,00243.png
244,pedestrian1,1.0,570.0,60.0,244.0,D:\pedestrian\JAAD\images\video_0231,1,00244.png
245,pedestrian1,1.0,566.0,52.0,253.0,D:\pedestrian\JAAD\images\video_0231,1,00245.png
246,pedestrian1,1.0,566.0,45.0,254.0,D:\pedestrian\JAAD\images\video_0231,1,00246.png
247,pedestrian1,1.0,555.0,37.0,268.0,D:\pedestrian\JAAD\images\video_0231,1,00247.png
0,pedestrian3,1331.0,453.0,53.0,133.0,D:\pedestrian\JAAD\images\video_0231,0,00000.png
1,pedestrian3,1335.0,452.0,54.0,134.0,D:\pedestrian\JAAD\images\video_0231,0,00001.png
2,pedestrian3,1339.0,451.0,55.0,136.0,D:\pedestrian\JAAD\images\video_0231,0,00002.png
3,pedestrian3,1342.0,450.0,55.0,137.0,D:\pedestrian\JAAD\images\video_0231,0,00003.png
4,pedestrian3,1346.0,449.0,56.0,138.0,D:\pedestrian\JAAD\images\video_0231,0,00004.png
5,pedestrian3,1350.0,451.0,56.0,138.0,D:\pedestrian\JAAD\images\video_0231,0,00005.png
6,pedestrian3,1355.0,452.0,56.0,139.0,D:\pedestrian\JAAD\images\video_0231,0,00006.png
7,pedestrian3,1359.0,454.0,56.0,139.0,D:\pedestrian\JAAD\images\video_0231,0,00007.png
8,pedestrian3,1362.0,456.0,58.0,139.0,D:\pedestrian\JAAD\images\video_0231,0,00008.png
9,pedestrian3,1365.0,458.0,59.0,138.0,D:\pedestrian\JAAD\images\video_0231,0,00009.png
10,pedestrian3,1368.0,460.0,61.0,138.0,D:\pedestrian\JAAD\images\video_0231,0,00010.png
11,pedestrian3,1372.0,460.0,60.0,139.0,D:\pedestrian\JAAD\images\video_0231,0,00011.png
12,pedestrian3,1376.0,460.0,59.0,141.0,D:\pedestrian\JAAD\images\video_0231,0,00012.png
13,pedestrian3,1380.0,460.0,58.0,142.0,D:\pedestrian\JAAD\images\video_0231,0,00013.png
14,pedestrian3,1382.0,458.0,58.0,144.0,D:\pedestrian\JAAD\images\video_0231,0,00014.png
15,pedestrian3,1385.0,457.0,59.0,145.0,D:\pedestrian\JAAD\images\video_0231,0,00015.png
16,pedestrian3,1387.0,455.0,59.0,147.0,D:\pedestrian\JAAD\images\video_0231,0,00016.png
17,pedestrian3,1390.0,454.0,59.0,148.0,D:\pedestrian\JAAD\images\video_0231,0,00017.png
18,pedestrian3,1394.0,453.0,58.0,149.0,D:\pedestrian\JAAD\images\video_0231,0,00018.png
19,pedestrian3,1397.0,452.0,58.0,149.0,D:\pedestrian\JAAD\images\video_0231,0,00019.png
20,pedestrian3,1400.0,451.0,57.0,150.0,D:\pedestrian\JAAD\images\video_0231,0,00020.png
21,pedestrian3,1403.0,452.0,58.0,151.0,D:\pedestrian\JAAD\images\video_0231,0,00021.png
22,pedestrian3,1406.0,453.0,59.0,152.0,D:\pedestrian\JAAD\images\video_0231,0,00022.png
23,pedestrian3,1408.0,453.0,59.0,153.0,D:\pedestrian\JAAD\images\video_0231,0,00023.png
24,pedestrian3,1411.0,454.0,60.0,154.0,D:\pedestrian\JAAD\images\video_0231,0,00024.png
25,pedestrian3,1415.0,456.0,60.0,155.0,D:\pedestrian\JAAD\images\video_0231,0,00025.png
26,pedestrian3,1418.0,458.0,60.0,157.0,D:\pedestrian\JAAD\images\video_0231,0,00026.png
27,pedestrian3,1422.0,459.0,60.0,158.0,D:\pedestrian\JAAD\images\video_0231,0,00027.png
28,pedestrian3,1425.0,461.0,60.0,159.0,D:\pedestrian\JAAD\images\video_0231,0,00028.png
29,pedestrian3,1429.0,461.0,61.0,160.0,D:\pedestrian\JAAD\images\video_0231,0,00029.png
30,pedestrian3,1433.0,462.0,62.0,160.0,D:\pedestrian\JAAD\images\video_0231,0,00030.png
31,pedestrian3,1436.0,462.0,62.0,161.0,D:\pedestrian\JAAD\images\video_0231,0,00031.png
32,pedestrian3,1440.0,462.0,63.0,161.0,D:\pedestrian\JAAD\images\video_0231,0,00032.png
33,pedestrian3,1442.0,461.0,65.0,163.0,D:\pedestrian\JAAD\images\video_0231,0,00033.png
34,pedestrian3,1443.0,460.0,66.0,165.0,D:\pedestrian\JAAD\images\video_0231,0,00034.png
35,pedestrian3,1445.0,458.0,68.0,166.0,D:\pedestrian\JAAD\images\video_0231,0,00035.png
36,pedestrian3,1446.0,457.0,69.0,168.0,D:\pedestrian\JAAD\images\video_0231,0,00036.png
37,pedestrian3,1448.0,457.0,71.0,169.0,D:\pedestrian\JAAD\images\video_0231,0,00037.png
38,pedestrian3,1450.0,457.0,72.0,169.0,D:\pedestrian\JAAD\images\video_0231,0,00038.png
39,pedestrian3,1452.0,456.0,74.0,170.0,D:\pedestrian\JAAD\images\video_0231,0,00039.png
40,pedestrian3,1454.0,456.0,75.0,170.0,D:\pedestrian\JAAD\images\video_0231,0,00040.png
41,pedestrian3,1456.0,457.0,75.0,171.0,D:\pedestrian\JAAD\images\video_0231,0,00041.png
42,pedestrian3,1459.0,458.0,74.0,172.0,D:\pedestrian\JAAD\images\video_0231,0,00042.png
43,pedestrian3,1461.0,459.0,74.0,173.0,D:\pedestrian\JAAD\images\video_0231,0,00043.png
44,pedestrian3,1463.0,460.0,73.0,174.0,D:\pedestrian\JAAD\images\video_0231,0,00044.png
45,pedestrian3,1464.0,460.0,74.0,175.0,D:\pedestrian\JAAD\images\video_0231,0,00045.png
46,pedestrian3,1465.0,459.0,74.0,176.0,D:\pedestrian\JAAD\images\video_0231,0,00046.png
47,pedestrian3,1465.0,459.0,75.0,177.0,D:\pedestrian\JAAD\images\video_0231,0,00047.png
48,pedestrian3,1466.0,458.0,75.0,178.0,D:\pedestrian\JAAD\images\video_0231,0,00048.png
49,pedestrian3,1468.0,456.0,74.0,180.0,D:\pedestrian\JAAD\images\video_0231,0,00049.png
50,pedestrian3,1470.0,455.0,73.0,181.0,D:\pedestrian\JAAD\images\video_0231,0,00050.png
51,pedestrian3,1471.0,453.0,72.0,183.0,D:\pedestrian\JAAD\images\video_0231,0,00051.png
52,pedestrian3,1473.0,451.0,71.0,184.0,D:\pedestrian\JAAD\images\video_0231,0,00052.png
53,pedestrian3,1474.0,451.0,72.0,186.0,D:\pedestrian\JAAD\images\video_0231,0,00053.png
54,pedestrian3,1475.0,452.0,73.0,188.0,D:\pedestrian\JAAD\images\video_0231,0,00054.png
55,pedestrian3,1475.0,452.0,73.0,190.0,D:\pedestrian\JAAD\images\video_0231,0,00055.png
56,pedestrian3,1476.0,452.0,74.0,192.0,D:\pedestrian\JAAD\images\video_0231,0,00056.png
57,pedestrian3,1479.0,453.0,74.0,192.0,D:\pedestrian\JAAD\images\video_0231,0,00057.png
58,pedestrian3,1481.0,454.0,73.0,192.0,D:\pedestrian\JAAD\images\video_0231,0,00058.png
59,pedestrian3,1484.0,455.0,73.0,192.0,D:\pedestrian\JAAD\images\video_0231,0,00059.png
60,pedestrian3,1486.0,456.0,72.0,192.0,D:\pedestrian\JAAD\images\video_0231,0,00060.png
61,pedestrian3,1489.0,457.0,72.0,192.0,D:\pedestrian\JAAD\images\video_0231,0,00061.png
62,pedestrian3,1491.0,457.0,73.0,193.0,D:\pedestrian\JAAD\images\video_0231,0,00062.png
63,pedestrian3,1492.0,456.0,74.0,194.0,D:\pedestrian\JAAD\images\video_0231,0,00063.png
64,pedestrian3,1494.0,456.0,74.0,195.0,D:\pedestrian\JAAD\images\video_0231,0,00064.png
65,pedestrian3,1495.0,455.0,75.0,196.0,D:\pedestrian\JAAD\images\video_0231,0,00065.png
66,pedestrian3,1496.0,455.0,76.0,197.0,D:\pedestrian\JAAD\images\video_0231,0,00066.png
67,pedestrian3,1497.0,454.0,76.0,198.0,D:\pedestrian\JAAD\images\video_0231,0,00067.png
68,pedestrian3,1497.0,454.0,77.0,198.0,D:\pedestrian\JAAD\images\video_0231,0,00068.png
69,pedestrian3,1498.0,453.0,77.0,199.0,D:\pedestrian\JAAD\images\video_0231,0,00069.png
70,pedestrian3,1499.0,454.0,77.0,201.0,D:\pedestrian\JAAD\images\video_0231,0,00070.png
71,pedestrian3,1500.0,455.0,77.0,202.0,D:\pedestrian\JAAD\images\video_0231,0,00071.png
72,pedestrian3,1500.0,456.0,77.0,204.0,D:\pedestrian\JAAD\images\video_0231,0,00072.png
73,pedestrian3,1501.0,457.0,77.0,205.0,D:\pedestrian\JAAD\images\video_0231,0,00073.png
74,pedestrian3,1500.0,456.0,78.0,206.0,D:\pedestrian\JAAD\images\video_0231,0,00074.png
75,pedestrian3,1499.0,456.0,80.0,207.0,D:\pedestrian\JAAD\images\video_0231,0,00075.png
76,pedestrian3,1497.0,455.0,81.0,208.0,D:\pedestrian\JAAD\images\video_0231,0,00076.png
77,pedestrian3,1496.0,454.0,82.0,209.0,D:\pedestrian\JAAD\images\video_0231,0,00077.png
78,pedestrian3,1495.0,454.0,81.0,210.0,D:\pedestrian\JAAD\images\video_0231,0,00078.png
79,pedestrian3,1495.0,454.0,80.0,211.0,D:\pedestrian\JAAD\images\video_0231,0,00079.png
80,pedestrian3,1494.0,454.0,79.0,211.0,D:\pedestrian\JAAD\images\video_0231,0,00080.png
81,pedestrian3,1493.0,454.0,78.0,212.0,D:\pedestrian\JAAD\images\video_0231,0,00081.png
82,pedestrian3,1492.0,452.0,79.0,215.0,D:\pedestrian\JAAD\images\video_0231,0,00082.png
83,pedestrian3,1492.0,450.0,79.0,218.0,D:\pedestrian\JAAD\images\video_0231,0,00083.png
84,pedestrian3,1491.0,448.0,80.0,220.0,D:\pedestrian\JAAD\images\video_0231,0,00084.png
85,pedestrian3,1490.0,446.0,80.0,223.0,D:\pedestrian\JAAD\images\video_0231,0,00085.png
86,pedestrian3,1487.0,447.0,82.0,223.0,D:\pedestrian\JAAD\images\video_0231,0,00086.png
87,pedestrian3,1484.0,447.0,84.0,223.0,D:\pedestrian\JAAD\images\video_0231,0,00087.png
88,pedestrian3,1481.0,448.0,85.0,223.0,D:\pedestrian\JAAD\images\video_0231,0,00088.png
89,pedestrian3,1478.0,448.0,87.0,223.0,D:\pedestrian\JAAD\images\video_0231,0,00089.png
90,pedestrian3,1476.0,448.0,87.0,224.0,D:\pedestrian\JAAD\images\video_0231,0,00090.png
91,pedestrian3,1475.0,449.0,86.0,225.0,D:\pedestrian\JAAD\images\video_0231,0,00091.png
92,pedestrian3,1473.0,449.0,86.0,225.0,D:\pedestrian\JAAD\images\video_0231,0,00092.png
93,pedestrian3,1471.0,449.0,85.0,226.0,D:\pedestrian\JAAD\images\video_0231,0,00093.png
94,pedestrian3,1470.0,448.0,85.0,226.0,D:\pedestrian\JAAD\images\video_0231,0,00094.png
95,pedestrian3,1470.0,448.0,85.0,225.0,D:\pedestrian\JAAD\images\video_0231,0,00095.png
96,pedestrian3,1469.0,447.0,84.0,225.0,D:\pedestrian\JAAD\images\video_0231,0,00096.png
97,pedestrian3,1468.0,446.0,84.0,224.0,D:\pedestrian\JAAD\images\video_0231,0,00097.png
98,pedestrian3,1466.0,446.0,82.0,226.0,D:\pedestrian\JAAD\images\video_0231,0,00098.png
99,pedestrian3,1464.0,445.0,81.0,228.0,D:\pedestrian\JAAD\images\video_0231,0,00099.png
100,pedestrian3,1462.0,445.0,79.0,229.0,D:\pedestrian\JAAD\images\video_0231,0,00100.png
101,pedestrian3,1460.0,444.0,78.0,231.0,D:\pedestrian\JAAD\images\video_0231,0,00101.png
102,pedestrian3,1458.0,444.0,76.0,233.0,D:\pedestrian\JAAD\images\video_0231,0,00102.png
103,pedestrian3,1449.0,446.0,85.0,232.0,D:\pedestrian\JAAD\images\video_0231,0,00103.png
104,pedestrian3,1440.0,447.0,93.0,232.0,D:\pedestrian\JAAD\images\video_0231,0,00104.png
105,pedestrian3,1430.0,449.0,102.0,231.0,D:\pedestrian\JAAD\images\video_0231,0,00105.png
106,pedestrian3,1421.0,450.0,110.0,230.0,D:\pedestrian\JAAD\images\video_0231,0,00106.png
107,pedestrian3,1417.0,450.0,112.0,232.0,D:\pedestrian\JAAD\images\video_0231,0,00107.png
108,pedestrian3,1414.0,450.0,115.0,234.0,D:\pedestrian\JAAD\images\video_0231,0,00108.png
109,pedestrian3,1410.0,449.0,117.0,235.0,D:\pedestrian\JAAD\images\video_0231,0,00109.png
110,pedestrian3,1406.0,449.0,119.0,237.0,D:\pedestrian\JAAD\images\video_0231,0,00110.png
111,pedestrian3,1405.0,447.0,112.0,240.0,D:\pedestrian\JAAD\images\video_0231,0,00111.png
112,pedestrian3,1405.0,445.0,105.0,243.0,D:\pedestrian\JAAD\images\video_0231,0,00112.png
113,pedestrian3,1404.0,443.0,98.0,246.0,D:\pedestrian\JAAD\images\video_0231,0,00113.png
114,pedestrian3,1403.0,441.0,91.0,249.0,D:\pedestrian\JAAD\images\video_0231,0,00114.png
115,pedestrian3,1395.0,441.0,94.0,250.0,D:\pedestrian\JAAD\images\video_0231,0,00115.png
116,pedestrian3,1387.0,441.0,98.0,250.0,D:\pedestrian\JAAD\images\video_0231,0,00116.png
117,pedestrian3,1379.0,441.0,101.0,251.0,D:\pedestrian\JAAD\images\video_0231,0,00117.png
118,pedestrian3,1371.0,441.0,104.0,251.0,D:\pedestrian\JAAD\images\video_0231,0,00118.png
119,pedestrian3,1366.0,442.0,106.0,252.0,D:\pedestrian\JAAD\images\video_0231,0,00119.png
120,pedestrian3,1360.0,443.0,107.0,253.0,D:\pedestrian\JAAD\images\video_0231,0,00120.png
121,pedestrian3,1355.0,443.0,109.0,254.0,D:\pedestrian\JAAD\images\video_0231,0,00121.png
122,pedestrian3,1349.0,444.0,110.0,255.0,D:\pedestrian\JAAD\images\video_0231,0,00122.png
123,pedestrian3,1344.0,446.0,112.0,255.0,D:\pedestrian\JAAD\images\video_0231,0,00123.png
124,pedestrian3,1338.0,447.0,114.0,256.0,D:\pedestrian\JAAD\images\video_0231,0,00124.png
125,pedestrian3,1333.0,449.0,116.0,256.0,D:\pedestrian\JAAD\images\video_0231,0,00125.png
126,pedestrian3,1327.0,450.0,118.0,256.0,D:\pedestrian\JAAD\images\video_0231,0,00126.png
127,pedestrian3,1326.0,450.0,107.0,257.0,D:\pedestrian\JAAD\images\video_0231,0,00127.png
128,pedestrian3,1326.0,449.0,97.0,259.0,D:\pedestrian\JAAD\images\video_0231,0,00128.png
129,pedestrian3,1325.0,449.0,86.0,260.0,D:\pedestrian\JAAD\images\video_0231,0,00129.png
130,pedestrian3,1324.0,448.0,75.0,261.0,D:\pedestrian\JAAD\images\video_0231,0,00130.png
131,pedestrian3,1311.0,449.0,84.0,261.0,D:\pedestrian\JAAD\images\video_0231,0,00131.png
132,pedestrian3,1298.0,449.0,94.0,262.0,D:\pedestrian\JAAD\images\video_0231,0,00132.png
133,pedestrian3,1285.0,450.0,103.0,262.0,D:\pedestrian\JAAD\images\video_0231,0,00133.png
134,pedestrian3,1272.0,450.0,112.0,262.0,D:\pedestrian\JAAD\images\video_0231,0,00134.png
135,pedestrian3,1259.0,451.0,124.0,264.0,D:\pedestrian\JAAD\images\video_0231,0,00135.png
136,pedestrian3,1247.0,452.0,137.0,267.0,D:\pedestrian\JAAD\images\video_0231,0,00136.png
137,pedestrian3,1234.0,453.0,149.0,269.0,D:\pedestrian\JAAD\images\video_0231,0,00137.png
138,pedestrian3,1221.0,454.0,161.0,271.0,D:\pedestrian\JAAD\images\video_0231,0,00138.png
139,pedestrian3,1219.0,455.0,154.0,271.0,D:\pedestrian\JAAD\images\video_0231,0,00139.png
140,pedestrian3,1218.0,456.0,148.0,271.0,D:\pedestrian\JAAD\images\video_0231,0,00140.png
141,pedestrian3,1216.0,456.0,141.0,271.0,D:\pedestrian\JAAD\images\video_0231,1,00141.png
142,pedestrian3,1214.0,457.0,134.0,271.0,D:\pedestrian\JAAD\images\video_0231,1,00142.png
143,pedestrian3,1207.0,456.0,126.0,273.0,D:\pedestrian\JAAD\images\video_0231,1,00143.png
144,pedestrian3,1200.0,456.0,118.0,275.0,D:\pedestrian\JAAD\images\video_0231,1,00144.png
145,pedestrian3,1192.0,455.0,110.0,276.0,D:\pedestrian\JAAD\images\video_0231,1,00145.png
146,pedestrian3,1185.0,454.0,102.0,278.0,D:\pedestrian\JAAD\images\video_0231,1,00146.png
147,pedestrian3,1170.0,456.0,112.0,279.0,D:\pedestrian\JAAD\images\video_0231,1,00147.png
148,pedestrian3,1155.0,457.0,122.0,279.0,D:\pedestrian\JAAD\images\video_0231,1,00148.png
149,pedestrian3,1140.0,459.0,132.0,280.0,D:\pedestrian\JAAD\images\video_0231,1,00149.png
150,pedestrian3,1125.0,460.0,142.0,280.0,D:\pedestrian\JAAD\images\video_0231,1,00150.png
151,pedestrian3,1118.0,459.0,147.0,278.0,D:\pedestrian\JAAD\images\video_0231,1,00151.png
152,pedestrian3,1112.0,458.0,151.0,277.0,D:\pedestrian\JAAD\images\video_0231,1,00152.png
153,pedestrian3,1105.0,457.0,156.0,275.0,D:\pedestrian\JAAD\images\video_0231,1,00153.png
154,pedestrian3,1103.0,456.0,143.0,279.0,D:\pedestrian\JAAD\images\video_0231,1,00154.png
155,pedestrian3,1100.0,454.0,131.0,282.0,D:\pedestrian\JAAD\images\video_0231,1,00155.png
156,pedestrian3,1098.0,453.0,118.0,286.0,D:\pedestrian\JAAD\images\video_0231,1,00156.png
157,pedestrian3,1095.0,451.0,105.0,289.0,D:\pedestrian\JAAD\images\video_0231,1,00157.png
158,pedestrian3,1089.0,450.0,100.0,287.0,D:\pedestrian\JAAD\images\video_0231,1,00158.png
159,pedestrian3,1082.0,449.0,95.0,285.0,D:\pedestrian\JAAD\images\video_0231,1,00159.png
160,pedestrian3,1076.0,448.0,90.0,283.0,D:\pedestrian\JAAD\images\video_0231,1,00160.png
161,pedestrian3,1055.0,450.0,111.0,281.0,D:\pedestrian\JAAD\images\video_0231,1,00161.png
162,pedestrian3,1035.0,452.0,131.0,280.0,D:\pedestrian\JAAD\images\video_0231,1,00162.png
163,pedestrian3,1014.0,454.0,152.0,278.0,D:\pedestrian\JAAD\images\video_0231,1,00163.png
164,pedestrian3,993.0,456.0,172.0,276.0,D:\pedestrian\JAAD\images\video_0231,1,00164.png
165,pedestrian3,989.0,457.0,174.0,277.0,D:\pedestrian\JAAD\images\video_0231,1,00165.png
166,pedestrian3,986.0,458.0,175.0,278.0,D:\pedestrian\JAAD\images\video_0231,1,00166.png
167,pedestrian3,982.0,459.0,177.0,279.0,D:\pedestrian\JAAD\images\video_0231,1,00167.png
168,pedestrian3,978.0,460.0,178.0,280.0,D:\pedestrian\JAAD\images\video_0231,1,00168.png
169,pedestrian3,976.0,458.0,163.0,282.0,D:\pedestrian\JAAD\images\video_0231,1,00169.png
170,pedestrian3,973.0,456.0,149.0,284.0,D:\pedestrian\JAAD\images\video_0231,1,00170.png
171,pedestrian3,971.0,453.0,134.0,285.0,D:\pedestrian\JAAD\images\video_0231,1,00171.png
172,pedestrian3,968.0,451.0,119.0,287.0,D:\pedestrian\JAAD\images\video_0231,1,00172.png
173,pedestrian3,961.0,450.0,110.0,290.0,D:\pedestrian\JAAD\images\video_0231,1,00173.png
174,pedestrian3,953.0,448.0,102.0,292.0,D:\pedestrian\JAAD\images\video_0231,1,00174.png
175,pedestrian3,946.0,447.0,93.0,295.0,D:\pedestrian\JAAD\images\video_0231,1,00175.png
176,pedestrian3,929.0,449.0,105.0,291.0,D:\pedestrian\JAAD\images\video_0231,1,00176.png
177,pedestrian3,911.0,452.0,117.0,287.0,D:\pedestrian\JAAD\images\video_0231,1,00177.png
178,pedestrian3,894.0,454.0,129.0,283.0,D:\pedestrian\JAAD\images\video_0231,1,00178.png
179,pedestrian3,883.0,457.0,143.0,283.0,D:\pedestrian\JAAD\images\video_0231,1,00179.png
180,pedestrian3,873.0,460.0,156.0,282.0,D:\pedestrian\JAAD\images\video_0231,1,00180.png
181,pedestrian3,862.0,463.0,170.0,282.0,D:\pedestrian\JAAD\images\video_0231,1,00181.png
182,pedestrian3,861.0,461.0,161.0,284.0,D:\pedestrian\JAAD\images\video_0231,1,00182.png
183,pedestrian3,860.0,458.0,152.0,285.0,D:\pedestrian\JAAD\images\video_0231,1,00183.png
184,pedestrian3,858.0,456.0,142.0,287.0,D:\pedestrian\JAAD\images\video_0231,1,00184.png
185,pedestrian3,857.0,453.0,133.0,288.0,D:\pedestrian\JAAD\images\video_0231,1,00185.png
186,pedestrian3,850.0,452.0,123.0,290.0,D:\pedestrian\JAAD\images\video_0231,1,00186.png
187,pedestrian3,843.0,452.0,113.0,291.0,D:\pedestrian\JAAD\images\video_0231,1,00187.png
188,pedestrian3,835.0,451.0,102.0,293.0,D:\pedestrian\JAAD\images\video_0231,1,00188.png
189,pedestrian3,828.0,450.0,92.0,294.0,D:\pedestrian\JAAD\images\video_0231,1,00189.png
190,pedestrian3,811.0,453.0,99.0,289.0,D:\pedestrian\JAAD\images\video_0231,1,00190.png
191,pedestrian3,794.0,455.0,105.0,285.0,D:\pedestrian\JAAD\images\video_0231,1,00191.png
192,pedestrian3,777.0,458.0,112.0,280.0,D:\pedestrian\JAAD\images\video_0231,1,00192.png
193,pedestrian3,767.0,460.0,131.0,279.0,D:\pedestrian\JAAD\images\video_0231,1,00193.png
194,pedestrian3,756.0,462.0,149.0,279.0,D:\pedestrian\JAAD\images\video_0231,1,00194.png
195,pedestrian3,746.0,463.0,168.0,278.0,D:\pedestrian\JAAD\images\video_0231,1,00195.png
196,pedestrian3,735.0,465.0,186.0,277.0,D:\pedestrian\JAAD\images\video_0231,1,00196.png
197,pedestrian3,733.0,463.0,175.0,280.0,D:\pedestrian\JAAD\images\video_0231,1,00197.png
198,pedestrian3,730.0,462.0,164.0,283.0,D:\pedestrian\JAAD\images\video_0231,1,00198.png
199,pedestrian3,728.0,460.0,152.0,286.0,D:\pedestrian\JAAD\images\video_0231,1,00199.png
200,pedestrian3,725.0,458.0,141.0,289.0,D:\pedestrian\JAAD\images\video_0231,1,00200.png
201,pedestrian3,721.0,457.0,128.0,293.0,D:\pedestrian\JAAD\images\video_0231,1,00201.png
202,pedestrian3,717.0,456.0,115.0,296.0,D:\pedestrian\JAAD\images\video_0231,1,00202.png
203,pedestrian3,713.0,454.0,102.0,300.0,D:\pedestrian\JAAD\images\video_0231,1,00203.png
204,pedestrian3,709.0,453.0,89.0,303.0,D:\pedestrian\JAAD\images\video_0231,1,00204.png
205,pedestrian3,692.0,456.0,106.0,299.0,D:\pedestrian\JAAD\images\video_0231,1,00205.png
206,pedestrian3,674.0,460.0,123.0,295.0,D:\pedestrian\JAAD\images\video_0231,1,00206.png
207,pedestrian3,657.0,463.0,140.0,291.0,D:\pedestrian\JAAD\images\video_0231,1,00207.png
208,pedestrian3,639.0,466.0,157.0,287.0,D:\pedestrian\JAAD\images\video_0231,1,00208.png
209,pedestrian3,629.0,468.0,166.0,287.0,D:\pedestrian\JAAD\images\video_0231,1,00209.png
210,pedestrian3,620.0,471.0,176.0,286.0,D:\pedestrian\JAAD\images\video_0231,1,00210.png
211,pedestrian3,610.0,473.0,185.0,286.0,D:\pedestrian\JAAD\images\video_0231,1,00211.png
212,pedestrian3,607.0,471.0,173.0,290.0,D:\pedestrian\JAAD\images\video_0231,1,00212.png
213,pedestrian3,604.0,468.0,160.0,294.0,D:\pedestrian\JAAD\images\video_0231,1,00213.png
214,pedestrian3,600.0,466.0,148.0,297.0,D:\pedestrian\JAAD\images\video_0231,1,00214.png
215,pedestrian3,597.0,463.0,135.0,301.0,D:\pedestrian\JAAD\images\video_0231,1,00215.png
216,pedestrian3,589.0,464.0,129.0,301.0,D:\pedestrian\JAAD\images\video_0231,1,00216.png
217,pedestrian3,580.0,465.0,122.0,301.0,D:\pedestrian\JAAD\images\video_0231,1,00217.png
218,pedestrian3,572.0,465.0,116.0,301.0,D:\pedestrian\JAAD\images\video_0231,1,00218.png
219,pedestrian3,563.0,466.0,109.0,301.0,D:\pedestrian\JAAD\images\video_0231,1,00219.png
220,pedestrian3,543.0,467.0,128.0,303.0,D:\pedestrian\JAAD\images\video_0231,1,00220.png
221,pedestrian3,523.0,467.0,147.0,304.0,D:\pedestrian\JAAD\images\video_0231,1,00221.png
222,pedestrian3,503.0,468.0,166.0,306.0,D:\pedestrian\JAAD\images\video_0231,1,00222.png
223,pedestrian3,483.0,468.0,185.0,307.0,D:\pedestrian\JAAD\images\video_0231,1,00223.png
224,pedestrian3,477.0,469.0,186.0,306.0,D:\pedestrian\JAAD\images\video_0231,1,00224.png
225,pedestrian3,470.0,471.0,187.0,305.0,D:\pedestrian\JAAD\images\video_0231,1,00225.png
226,pedestrian3,464.0,472.0,188.0,304.0,D:\pedestrian\JAAD\images\video_0231,1,00226.png
227,pedestrian3,461.0,472.0,175.0,306.0,D:\pedestrian\JAAD\images\video_0231,1,00227.png
228,pedestrian3,458.0,472.0,162.0,309.0,D:\pedestrian\JAAD\images\video_0231,1,00228.png
229,pedestrian3,455.0,472.0,149.0,311.0,D:\pedestrian\JAAD\images\video_0231,1,00229.png
230,pedestrian3,452.0,472.0,136.0,313.0,D:\pedestrian\JAAD\images\video_0231,1,00230.png
231,pedestrian3,438.0,469.0,126.0,320.0,D:\pedestrian\JAAD\images\video_0231,1,00231.png
232,pedestrian3,424.0,466.0,116.0,328.0,D:\pedestrian\JAAD\images\video_0231,1,00232.png
233,pedestrian3,410.0,463.0,106.0,335.0,D:\pedestrian\JAAD\images\video_0231,1,00233.png
234,pedestrian3,394.0,464.0,119.0,336.0,D:\pedestrian\JAAD\images\video_0231,1,00234.png
235,pedestrian3,379.0,466.0,133.0,337.0,D:\pedestrian\JAAD\images\video_0231,1,00235.png
236,pedestrian3,363.0,467.0,146.0,338.0,D:\pedestrian\JAAD\images\video_0231,1,00236.png
237,pedestrian3,343.0,472.0,161.0,339.0,D:\pedestrian\JAAD\images\video_0231,1,00237.png
238,pedestrian3,324.0,477.0,176.0,339.0,D:\pedestrian\JAAD\images\video_0231,1,00238.png
239,pedestrian3,304.0,482.0,190.0,340.0,D:\pedestrian\JAAD\images\video_0231,1,00239.png
240,pedestrian3,284.0,487.0,205.0,340.0,D:\pedestrian\JAAD\images\video_0231,1,00240.png
241,pedestrian3,274.0,489.0,199.0,346.0,D:\pedestrian\JAAD\images\video_0231,1,00241.png
242,pedestrian3,264.0,490.0,193.0,351.0,D:\pedestrian\JAAD\images\video_0231,1,00242.png
243,pedestrian3,254.0,492.0,187.0,357.0,D:\pedestrian\JAAD\images\video_0231,1,00243.png
244,pedestrian3,239.0,491.0,175.0,364.0,D:\pedestrian\JAAD\images\video_0231,1,00244.png
245,pedestrian3,224.0,489.0,162.0,371.0,D:\pedestrian\JAAD\images\video_0231,1,00245.png
246,pedestrian3,209.0,488.0,150.0,378.0,D:\pedestrian\JAAD\images\video_0231,1,00246.png
247,pedestrian3,194.0,486.0,137.0,385.0,D:\pedestrian\JAAD\images\video_0231,1,00247.png
248,pedestrian3,169.0,487.0,142.0,389.0,D:\pedestrian\JAAD\images\video_0231,1,00248.png
249,pedestrian3,145.0,487.0,147.0,393.0,D:\pedestrian\JAAD\images\video_0231,1,00249.png
250,pedestrian3,120.0,488.0,152.0,397.0,D:\pedestrian\JAAD\images\video_0231,1,00250.png
251,pedestrian3,97.0,490.0,161.0,403.0,D:\pedestrian\JAAD\images\video_0231,1,00251.png
252,pedestrian3,75.0,491.0,170.0,408.0,D:\pedestrian\JAAD\images\video_0231,1,00252.png
253,pedestrian3,52.0,493.0,179.0,414.0,D:\pedestrian\JAAD\images\video_0231,1,00253.png
254,pedestrian3,35.0,498.0,178.0,419.0,D:\pedestrian\JAAD\images\video_0231,1,00254.png
255,pedestrian3,18.0,504.0,177.0,424.0,D:\pedestrian\JAAD\images\video_0231,1,00255.png
256,pedestrian3,1.0,509.0,176.0,429.0,D:\pedestrian\JAAD\images\video_0231,1,00256.png
257,pedestrian3,3.0,520.0,146.0,426.0,D:\pedestrian\JAAD\images\video_0231,1,00257.png
258,pedestrian3,0.0,523.0,120.0,429.0,D:\pedestrian\JAAD\images\video_0231,1,00258.png
259,pedestrian3,0.0,523.0,73.0,429.0,D:\pedestrian\JAAD\images\video_0231,1,00259.png
0,pedestrian4,1289.0,459.0,46.0,129.0,D:\pedestrian\JAAD\images\video_0231,0,00000.png
1,pedestrian4,1293.0,458.0,45.0,130.0,D:\pedestrian\JAAD\images\video_0231,0,00001.png
2,pedestrian4,1297.0,458.0,45.0,132.0,D:\pedestrian\JAAD\images\video_0231,0,00002.png
3,pedestrian4,1301.0,457.0,44.0,133.0,D:\pedestrian\JAAD\images\video_0231,0,00003.png
4,pedestrian4,1303.0,458.0,45.0,132.0,D:\pedestrian\JAAD\images\video_0231,0,00004.png
5,pedestrian4,1306.0,459.0,47.0,132.0,D:\pedestrian\JAAD\images\video_0231,0,00005.png
6,pedestrian4,1308.0,460.0,48.0,131.0,D:\pedestrian\JAAD\images\video_0231,0,00006.png
7,pedestrian4,1312.0,459.0,48.0,134.0,D:\pedestrian\JAAD\images\video_0231,0,00007.png
8,pedestrian4,1316.0,459.0,48.0,137.0,D:\pedestrian\JAAD\images\video_0231,0,00008.png
9,pedestrian4,1320.0,458.0,48.0,140.0,D:\pedestrian\JAAD\images\video_0231,0,00009.png
10,pedestrian4,1324.0,457.0,48.0,143.0,D:\pedestrian\JAAD\images\video_0231,0,00010.png
11,pedestrian4,1326.0,458.0,49.0,143.0,D:\pedestrian\JAAD\images\video_0231,0,00011.png
12,pedestrian4,1329.0,458.0,49.0,144.0,D:\pedestrian\JAAD\images\video_0231,0,00012.png
13,pedestrian4,1331.0,459.0,50.0,144.0,D:\pedestrian\JAAD\images\video_0231,0,00013.png
14,pedestrian4,1334.0,459.0,50.0,145.0,D:\pedestrian\JAAD\images\video_0231,0,00014.png
15,pedestrian4,1336.0,460.0,51.0,145.0,D:\pedestrian\JAAD\images\video_0231,0,00015.png
16,pedestrian4,1339.0,459.0,50.0,146.0,D:\pedestrian\JAAD\images\video_0231,0,00016.png
17,pedestrian4,1343.0,459.0,49.0,147.0,D:\pedestrian\JAAD\images\video_0231,0,00017.png
18,pedestrian4,1346.0,458.0,47.0,147.0,D:\pedestrian\JAAD\images\video_0231,0,00018.png
19,pedestrian4,1349.0,457.0,46.0,148.0,D:\pedestrian\JAAD\images\video_0231,0,00019.png
20,pedestrian4,1351.0,457.0,47.0,149.0,D:\pedestrian\JAAD\images\video_0231,0,00020.png
21,pedestrian4,1354.0,457.0,48.0,150.0,D:\pedestrian\JAAD\images\video_0231,0,00021.png
22,pedestrian4,1356.0,457.0,48.0,151.0,D:\pedestrian\JAAD\images\video_0231,0,00022.png
23,pedestrian4,1358.0,457.0,49.0,152.0,D:\pedestrian\JAAD\images\video_0231,0,00023.png
24,pedestrian4,1359.0,458.0,50.0,154.0,D:\pedestrian\JAAD\images\video_0231,0,00024.png
25,pedestrian4,1361.0,460.0,51.0,156.0,D:\pedestrian\JAAD\images\video_0231,0,00025.png
26,pedestrian4,1362.0,460.0,52.0,157.0,D:\pedestrian\JAAD\images\video_0231,0,00026.png
27,pedestrian4,1363.0,461.0,53.0,158.0,D:\pedestrian\JAAD\images\video_0231,0,00027.png
28,pedestrian4,1363.0,461.0,54.0,159.0,D:\pedestrian\JAAD\images\video_0231,0,00028.png
29,pedestrian4,1364.0,462.0,55.0,159.0,D:\pedestrian\JAAD\images\video_0231,0,00029.png
30,pedestrian4,1365.0,462.0,56.0,160.0,D:\pedestrian\JAAD\images\video_0231,0,00030.png
31,pedestrian4,1366.0,462.0,57.0,161.0,D:\pedestrian\JAAD\images\video_0231,0,00031.png
32,pedestrian4,1367.0,463.0,57.0,162.0,D:\pedestrian\JAAD\images\video_0231,0,00032.png
33,pedestrian4,1367.0,463.0,58.0,163.0,D:\pedestrian\JAAD\images\video_0231,0,00033.png
34,pedestrian4,1368.0,464.0,59.0,164.0,D:\pedestrian\JAAD\images\video_0231,0,00034.png
35,pedestrian4,1369.0,464.0,60.0,165.0,D:\pedestrian\JAAD\images\video_0231,0,00035.png
36,pedestrian4,1370.0,464.0,61.0,166.0,D:\pedestrian\JAAD\images\video_0231,0,00036.png
37,pedestrian4,1371.0,465.0,62.0,166.0,D:\pedestrian\JAAD\images\video_0231,0,00037.png
38,pedestrian4,1372.0,465.0,63.0,167.0,D:\pedestrian\JAAD\images\video_0231,0,00038.png
39,pedestrian4,1372.0,466.0,64.0,168.0,D:\pedestrian\JAAD\images\video_0231,0,00039.png
40,pedestrian4,1373.0,466.0,65.0,169.0,D:\pedestrian\JAAD\images\video_0231,0,00040.png
41,pedestrian4,1379.0,465.0,61.0,170.0,D:\pedestrian\JAAD\images\video_0231,0,00041.png
42,pedestrian4,1379.0,464.0,63.0,171.0,D:\pedestrian\JAAD\images\video_0231,0,00042.png
43,pedestrian4,1379.0,465.0,63.0,171.0,D:\pedestrian\JAAD\images\video_0231,0,00043.png
44,pedestrian4,1380.0,467.0,64.0,171.0,D:\pedestrian\JAAD\images\video_0231,0,00044.png
45,pedestrian4,1380.0,468.0,64.0,171.0,D:\pedestrian\JAAD\images\video_0231,0,00045.png
46,pedestrian4,1380.0,469.0,64.0,171.0,D:\pedestrian\JAAD\images\video_0231,0,00046.png
47,pedestrian4,1379.0,470.0,65.0,172.0,D:\pedestrian\JAAD\images\video_0231,0,00047.png
48,pedestrian4,1378.0,471.0,66.0,173.0,D:\pedestrian\JAAD\images\video_0231,0,00048.png
49,pedestrian4,1376.0,471.0,67.0,173.0,D:\pedestrian\JAAD\images\video_0231,0,00049.png
50,pedestrian4,1375.0,472.0,68.0,174.0,D:\pedestrian\JAAD\images\video_0231,0,00050.png
51,pedestrian4,1374.0,471.0,68.0,176.0,D:\pedestrian\JAAD\images\video_0231,0,00051.png
52,pedestrian4,1374.0,470.0,69.0,178.0,D:\pedestrian\JAAD\images\video_0231,0,00052.png
53,pedestrian4,1373.0,468.0,69.0,180.0,D:\pedestrian\JAAD\images\video_0231,0,00053.png
54,pedestrian4,1372.0,467.0,69.0,182.0,D:\pedestrian\JAAD\images\video_0231,0,00054.png
55,pedestrian4,1372.0,467.0,67.0,182.0,D:\pedestrian\JAAD\images\video_0231,0,00055.png
56,pedestrian4,1373.0,467.0,64.0,183.0,D:\pedestrian\JAAD\images\video_0231,0,00056.png
57,pedestrian4,1373.0,467.0,62.0,183.0,D:\pedestrian\JAAD\images\video_0231,0,00057.png
58,pedestrian4,1372.0,467.0,63.0,185.0,D:\pedestrian\JAAD\images\video_0231,0,00058.png
59,pedestrian4,1371.0,467.0,65.0,187.0,D:\pedestrian\JAAD\images\video_0231,0,00059.png
60,pedestrian4,1370.0,467.0,66.0,188.0,D:\pedestrian\JAAD\images\video_0231,0,00060.png
61,pedestrian4,1369.0,467.0,67.0,190.0,D:\pedestrian\JAAD\images\video_0231,0,00061.png
62,pedestrian4,1367.0,467.0,68.0,192.0,D:\pedestrian\JAAD\images\video_0231,0,00062.png
63,pedestrian4,1365.0,467.0,68.0,194.0,D:\pedestrian\JAAD\images\video_0231,0,00063.png
64,pedestrian4,1363.0,466.0,69.0,195.0,D:\pedestrian\JAAD\images\video_0231,0,00064.png
65,pedestrian4,1361.0,466.0,69.0,197.0,D:\pedestrian\JAAD\images\video_0231,0,00065.png
66,pedestrian4,1359.0,467.0,69.0,199.0,D:\pedestrian\JAAD\images\video_0231,0,00066.png
67,pedestrian4,1358.0,468.0,70.0,200.0,D:\pedestrian\JAAD\images\video_0231,0,00067.png
68,pedestrian4,1356.0,469.0,70.0,202.0,D:\pedestrian\JAAD\images\video_0231,0,00068.png
69,pedestrian4,1355.0,468.0,69.0,202.0,D:\pedestrian\JAAD\images\video_0231,0,00069.png
70,pedestrian4,1354.0,467.0,68.0,203.0,D:\pedestrian\JAAD\images\video_0231,0,00070.png
71,pedestrian4,1354.0,467.0,68.0,203.0,D:\pedestrian\JAAD\images\video_0231,0,00071.png
72,pedestrian4,1353.0,466.0,67.0,204.0,D:\pedestrian\JAAD\images\video_0231,0,00072.png
73,pedestrian4,1352.0,465.0,66.0,204.0,D:\pedestrian\JAAD\images\video_0231,0,00073.png
74,pedestrian4,1349.0,465.0,68.0,205.0,D:\pedestrian\JAAD\images\video_0231,0,00074.png
75,pedestrian4,1346.0,464.0,70.0,207.0,D:\pedestrian\JAAD\images\video_0231,0,00075.png
76,pedestrian4,1343.0,464.0,72.0,208.0,D:\pedestrian\JAAD\images\video_0231,0,00076.png
77,pedestrian4,1340.0,463.0,74.0,209.0,D:\pedestrian\JAAD\images\video_0231,0,00077.png
78,pedestrian4,1333.0,464.0,80.0,210.0,D:\pedestrian\JAAD\images\video_0231,0,00078.png
79,pedestrian4,1326.0,465.0,86.0,210.0,D:\pedestrian\JAAD\images\video_0231,0,00079.png
80,pedestrian4,1318.0,466.0,91.0,211.0,D:\pedestrian\JAAD\images\video_0231,0,00080.png
81,pedestrian4,1311.0,467.0,97.0,211.0,D:\pedestrian\JAAD\images\video_0231,0,00081.png
82,pedestrian4,1311.0,467.0,95.0,213.0,D:\pedestrian\JAAD\images\video_0231,0,00082.png
83,pedestrian4,1311.0,468.0,93.0,214.0,D:\pedestrian\JAAD\images\video_0231,0,00083.png
84,pedestrian4,1310.0,468.0,91.0,216.0,D:\pedestrian\JAAD\images\video_0231,0,00084.png
85,pedestrian4,1310.0,468.0,89.0,217.0,D:\pedestrian\JAAD\images\video_0231,0,00085.png
86,pedestrian4,1310.0,467.0,85.0,218.0,D:\pedestrian\JAAD\images\video_0231,0,00086.png
87,pedestrian4,1310.0,466.0,82.0,219.0,D:\pedestrian\JAAD\images\video_0231,0,00087.png
88,pedestrian4,1310.0,465.0,78.0,219.0,D:\pedestrian\JAAD\images\video_0231,0,00088.png
89,pedestrian4,1310.0,464.0,74.0,220.0,D:\pedestrian\JAAD\images\video_0231,0,00089.png
90,pedestrian4,1303.0,463.0,78.0,222.0,D:\pedestrian\JAAD\images\video_0231,0,00090.png
91,pedestrian4,1296.0,462.0,83.0,223.0,D:\pedestrian\JAAD\images\video_0231,0,00091.png
92,pedestrian4,1288.0,460.0,87.0,225.0,D:\pedestrian\JAAD\images\video_0231,0,00092.png
93,pedestrian4,1281.0,459.0,91.0,226.0,D:\pedestrian\JAAD\images\video_0231,0,00093.png
94,pedestrian4,1278.0,460.0,92.0,225.0,D:\pedestrian\JAAD\images\video_0231,0,00094.png
95,pedestrian4,1276.0,461.0,92.0,225.0,D:\pedestrian\JAAD\images\video_0231,0,00095.png
96,pedestrian4,1273.0,461.0,93.0,224.0,D:\pedestrian\JAAD\images\video_0231,0,00096.png
97,pedestrian4,1270.0,462.0,93.0,223.0,D:\pedestrian\JAAD\images\video_0231,0,00097.png
98,pedestrian4,1269.0,464.0,91.0,223.0,D:\pedestrian\JAAD\images\video_0231,0,00098.png
99,pedestrian4,1267.0,465.0,89.0,224.0,D:\pedestrian\JAAD\images\video_0231,0,00099.png
100,pedestrian4,1266.0,467.0,86.0,224.0,D:\pedestrian\JAAD\images\video_0231,0,00100.png
101,pedestrian4,1264.0,468.0,84.0,224.0,D:\pedestrian\JAAD\images\video_0231,0,00101.png
102,pedestrian4,1258.0,467.0,86.0,225.0,D:\pedestrian\JAAD\images\video_0231,0,00102.png
103,pedestrian4,1252.0,467.0,87.0,226.0,D:\pedestrian\JAAD\images\video_0231,1,00103.png
104,pedestrian4,1245.0,466.0,89.0,227.0,D:\pedestrian\JAAD\images\video_0231,1,00104.png
105,pedestrian4,1239.0,465.0,90.0,228.0,D:\pedestrian\JAAD\images\video_0231,1,00105.png
106,pedestrian4,1234.0,464.0,91.0,230.0,D:\pedestrian\JAAD\images\video_0231,1,00106.png
107,pedestrian4,1229.0,463.0,92.0,232.0,D:\pedestrian\JAAD\images\video_0231,1,00107.png
108,pedestrian4,1223.0,462.0,93.0,233.0,D:\pedestrian\JAAD\images\video_0231,1,00108.png
109,pedestrian4,1218.0,461.0,94.0,235.0,D:\pedestrian\JAAD\images\video_0231,1,00109.png
110,pedestrian4,1211.0,463.0,100.0,235.0,D:\pedestrian\JAAD\images\video_0231,1,00110.png
111,pedestrian4,1203.0,464.0,107.0,234.0,D:\pedestrian\JAAD\images\video_0231,1,00111.png
112,pedestrian4,1196.0,466.0,113.0,234.0,D:\pedestrian\JAAD\images\video_0231,1,00112.png
113,pedestrian4,1188.0,467.0,119.0,233.0,D:\pedestrian\JAAD\images\video_0231,1,00113.png
114,pedestrian4,1183.0,467.0,123.0,236.0,D:\pedestrian\JAAD\images\video_0231,1,00114.png
115,pedestrian4,1178.0,468.0,127.0,238.0,D:\pedestrian\JAAD\images\video_0231,1,00115.png
116,pedestrian4,1173.0,468.0,130.0,241.0,D:\pedestrian\JAAD\images\video_0231,1,00116.png
117,pedestrian4,1168.0,468.0,134.0,243.0,D:\pedestrian\JAAD\images\video_0231,1,00117.png
118,pedestrian4,1165.0,467.0,129.0,245.0,D:\pedestrian\JAAD\images\video_0231,1,00118.png
119,pedestrian4,1162.0,466.0,124.0,248.0,D:\pedestrian\JAAD\images\video_0231,1,00119.png
120,pedestrian4,1158.0,464.0,118.0,250.0,D:\pedestrian\JAAD\images\video_0231,1,00120.png
121,pedestrian4,1155.0,463.0,113.0,252.0,D:\pedestrian\JAAD\images\video_0231,1,00121.png
122,pedestrian4,1149.0,464.0,108.0,251.0,D:\pedestrian\JAAD\images\video_0231,1,00122.png
123,pedestrian4,1143.0,465.0,104.0,249.0,D:\pedestrian\JAAD\images\video_0231,1,00123.png
124,pedestrian4,1136.0,466.0,99.0,248.0,D:\pedestrian\JAAD\images\video_0231,1,00124.png
125,pedestrian4,1130.0,467.0,94.0,246.0,D:\pedestrian\JAAD\images\video_0231,1,00125.png
126,pedestrian4,1117.0,468.0,106.0,246.0,D:\pedestrian\JAAD\images\video_0231,1,00126.png
127,pedestrian4,1103.0,469.0,119.0,246.0,D:\pedestrian\JAAD\images\video_0231,1,00127.png
128,pedestrian4,1090.0,469.0,131.0,245.0,D:\pedestrian\JAAD\images\video_0231,1,00128.png
129,pedestrian4,1076.0,470.0,143.0,245.0,D:\pedestrian\JAAD\images\video_0231,1,00129.png
130,pedestrian4,1075.0,470.0,141.0,246.0,D:\pedestrian\JAAD\images\video_0231,1,00130.png
131,pedestrian4,1074.0,469.0,140.0,246.0,D:\pedestrian\JAAD\images\video_0231,1,00131.png
132,pedestrian4,1073.0,469.0,138.0,247.0,D:\pedestrian\JAAD\images\video_0231,1,00132.png
133,pedestrian4,1072.0,469.0,131.0,248.0,D:\pedestrian\JAAD\images\video_0231,1,00133.png
134,pedestrian4,1070.0,469.0,125.0,250.0,D:\pedestrian\JAAD\images\video_0231,1,00134.png
135,pedestrian4,1069.0,469.0,118.0,251.0,D:\pedestrian\JAAD\images\video_0231,1,00135.png
136,pedestrian4,1062.0,466.0,112.0,254.0,D:\pedestrian\JAAD\images\video_0231,1,00136.png
137,pedestrian4,1054.0,464.0,105.0,257.0,D:\pedestrian\JAAD\images\video_0231,1,00137.png
138,pedestrian4,1047.0,461.0,99.0,260.0,D:\pedestrian\JAAD\images\video_0231,1,00138.png
139,pedestrian4,1040.0,462.0,101.0,259.0,D:\pedestrian\JAAD\images\video_0231,1,00139.png
140,pedestrian4,1033.0,463.0,103.0,257.0,D:\pedestrian\JAAD\images\video_0231,1,00140.png
141,pedestrian4,1026.0,463.0,104.0,256.0,D:\pedestrian\JAAD\images\video_0231,1,00141.png
142,pedestrian4,1019.0,464.0,106.0,254.0,D:\pedestrian\JAAD\images\video_0231,1,00142.png
143,pedestrian4,1005.0,465.0,118.0,254.0,D:\pedestrian\JAAD\images\video_0231,1,00143.png
144,pedestrian4,992.0,466.0,130.0,253.0,D:\pedestrian\JAAD\images\video_0231,1,00144.png
145,pedestrian4,978.0,466.0,142.0,253.0,D:\pedestrian\JAAD\images\video_0231,1,00145.png
146,pedestrian4,964.0,467.0,154.0,252.0,D:\pedestrian\JAAD\images\video_0231,1,00146.png
147,pedestrian4,963.0,467.0,152.0,253.0,D:\pedestrian\JAAD\images\video_0231,1,00147.png
148,pedestrian4,962.0,467.0,150.0,254.0,D:\pedestrian\JAAD\images\video_0231,1,00148.png
149,pedestrian4,961.0,466.0,147.0,255.0,D:\pedestrian\JAAD\images\video_0231,1,00149.png
150,pedestrian4,960.0,466.0,145.0,256.0,D:\pedestrian\JAAD\images\video_0231,1,00150.png
151,pedestrian4,958.0,465.0,134.0,258.0,D:\pedestrian\JAAD\images\video_0231,1,00151.png
152,pedestrian4,955.0,463.0,124.0,261.0,D:\pedestrian\JAAD\images\video_0231,1,00152.png
153,pedestrian4,953.0,462.0,113.0,263.0,D:\pedestrian\JAAD\images\video_0231,1,00153.png
154,pedestrian4,948.0,463.0,105.0,262.0,D:\pedestrian\JAAD\images\video_0231,1,00154.png
155,pedestrian4,943.0,464.0,98.0,262.0,D:\pedestrian\JAAD\images\video_0231,1,00155.png
156,pedestrian4,938.0,464.0,90.0,261.0,D:\pedestrian\JAAD\images\video_0231,1,00156.png
157,pedestrian4,933.0,465.0,82.0,260.0,D:\pedestrian\JAAD\images\video_0231,1,00157.png
158,pedestrian4,914.0,466.0,98.0,259.0,D:\pedestrian\JAAD\images\video_0231,1,00158.png
159,pedestrian4,895.0,466.0,115.0,259.0,D:\pedestrian\JAAD\images\video_0231,1,00159.png
160,pedestrian4,876.0,467.0,131.0,258.0,D:\pedestrian\JAAD\images\video_0231,1,00160.png
161,pedestrian4,870.0,469.0,136.0,257.0,D:\pedestrian\JAAD\images\video_0231,1,00161.png
162,pedestrian4,864.0,470.0,141.0,257.0,D:\pedestrian\JAAD\images\video_0231,1,00162.png
163,pedestrian4,857.0,472.0,146.0,256.0,D:\pedestrian\JAAD\images\video_0231,1,00163.png
164,pedestrian4,851.0,473.0,151.0,255.0,D:\pedestrian\JAAD\images\video_0231,1,00164.png
165,pedestrian4,851.0,473.0,143.0,255.0,D:\pedestrian\JAAD\images\video_0231,1,00165.png
166,pedestrian4,852.0,473.0,135.0,255.0,D:\pedestrian\JAAD\images\video_0231,1,00166.png
167,pedestrian4,852.0,473.0,126.0,254.0,D:\pedestrian\JAAD\images\video_0231,1,00167.png
168,pedestrian4,852.0,473.0,118.0,254.0,D:\pedestrian\JAAD\images\video_0231,1,00168.png
169,pedestrian4,846.0,473.0,110.0,255.0,D:\pedestrian\JAAD\images\video_0231,1,00169.png
170,pedestrian4,841.0,473.0,102.0,256.0,D:\pedestrian\JAAD\images\video_0231,1,00170.png
171,pedestrian4,835.0,472.0,93.0,257.0,D:\pedestrian\JAAD\images\video_0231,1,00171.png
172,pedestrian4,829.0,472.0,85.0,258.0,D:\pedestrian\JAAD\images\video_0231,1,00172.png
173,pedestrian4,812.0,471.0,99.0,259.0,D:\pedestrian\JAAD\images\video_0231,1,00173.png
174,pedestrian4,796.0,470.0,113.0,259.0,D:\pedestrian\JAAD\images\video_0231,1,00174.png
175,pedestrian4,779.0,470.0,127.0,260.0,D:\pedestrian\JAAD\images\video_0231,1,00175.png
176,pedestrian4,763.0,469.0,141.0,260.0,D:\pedestrian\JAAD\images\video_0231,1,00176.png
177,pedestrian4,746.0,468.0,155.0,261.0,D:\pedestrian\JAAD\images\video_0231,1,00177.png
178,pedestrian4,742.0,469.0,158.0,261.0,D:\pedestrian\JAAD\images\video_0231,1,00178.png
179,pedestrian4,738.0,470.0,161.0,261.0,D:\pedestrian\JAAD\images\video_0231,1,00179.png
180,pedestrian4,734.0,471.0,164.0,261.0,D:\pedestrian\JAAD\images\video_0231,1,00180.png
181,pedestrian4,735.0,469.0,155.0,263.0,D:\pedestrian\JAAD\images\video_0231,1,00181.png
182,pedestrian4,736.0,468.0,146.0,265.0,D:\pedestrian\JAAD\images\video_0231,1,00182.png
183,pedestrian4,737.0,466.0,136.0,266.0,D:\pedestrian\JAAD\images\video_0231,1,00183.png
184,pedestrian4,738.0,464.0,127.0,268.0,D:\pedestrian\JAAD\images\video_0231,1,00184.png
185,pedestrian4,731.0,464.0,117.0,269.0,D:\pedestrian\JAAD\images\video_0231,1,00185.png
186,pedestrian4,724.0,464.0,108.0,270.0,D:\pedestrian\JAAD\images\video_0231,1,00186.png
187,pedestrian4,717.0,464.0,98.0,271.0,D:\pedestrian\JAAD\images\video_0231,1,00187.png
188,pedestrian4,710.0,464.0,88.0,272.0,D:\pedestrian\JAAD\images\video_0231,1,00188.png
189,pedestrian4,694.0,464.0,102.0,271.0,D:\pedestrian\JAAD\images\video_0231,1,00189.png
190,pedestrian4,678.0,464.0,116.0,271.0,D:\pedestrian\JAAD\images\video_0231,1,00190.png
191,pedestrian4,662.0,463.0,130.0,270.0,D:\pedestrian\JAAD\images\video_0231,1,00191.png
192,pedestrian4,646.0,463.0,144.0,269.0,D:\pedestrian\JAAD\images\video_0231,1,00192.png
193,pedestrian4,641.0,464.0,146.0,270.0,D:\pedestrian\JAAD\images\video_0231,1,00193.png
194,pedestrian4,637.0,465.0,148.0,271.0,D:\pedestrian\JAAD\images\video_0231,1,00194.png
195,pedestrian4,632.0,465.0,150.0,271.0,D:\pedestrian\JAAD\images\video_0231,1,00195.png
196,pedestrian4,627.0,466.0,152.0,272.0,D:\pedestrian\JAAD\images\video_0231,1,00196.png
197,pedestrian4,626.0,467.0,144.0,272.0,D:\pedestrian\JAAD\images\video_0231,1,00197.png
198,pedestrian4,625.0,467.0,136.0,272.0,D:\pedestrian\JAAD\images\video_0231,1,00198.png
199,pedestrian4,624.0,468.0,129.0,271.0,D:\pedestrian\JAAD\images\video_0231,1,00199.png
200,pedestrian4,623.0,468.0,121.0,271.0,D:\pedestrian\JAAD\images\video_0231,1,00200.png
201,pedestrian4,622.0,469.0,113.0,271.0,D:\pedestrian\JAAD\images\video_0231,1,00201.png
202,pedestrian4,615.0,469.0,107.0,271.0,D:\pedestrian\JAAD\images\video_0231,1,00202.png
203,pedestrian4,608.0,469.0,101.0,271.0,D:\pedestrian\JAAD\images\video_0231,1,00203.png
204,pedestrian4,601.0,469.0,95.0,271.0,D:\pedestrian\JAAD\images\video_0231,1,00204.png
205,pedestrian4,594.0,469.0,89.0,271.0,D:\pedestrian\JAAD\images\video_0231,1,00205.png
206,pedestrian4,574.0,470.0,108.0,270.0,D:\pedestrian\JAAD\images\video_0231,1,00206.png
207,pedestrian4,553.0,470.0,127.0,269.0,D:\pedestrian\JAAD\images\video_0231,1,00207.png
208,pedestrian4,533.0,471.0,146.0,268.0,D:\pedestrian\JAAD\images\video_0231,1,00208.png
209,pedestrian4,529.0,473.0,141.0,267.0,D:\pedestrian\JAAD\images\video_0231,1,00209.png
210,pedestrian4,524.0,475.0,136.0,266.0,D:\pedestrian\JAAD\images\video_0231,1,00210.png
211,pedestrian4,520.0,476.0,130.0,265.0,D:\pedestrian\JAAD\images\video_0231,1,00211.png
212,pedestrian4,515.0,478.0,125.0,264.0,D:\pedestrian\JAAD\images\video_0231,1,00212.png
213,pedestrian4,513.0,478.0,125.0,267.0,D:\pedestrian\JAAD\images\video_0231,1,00213.png
214,pedestrian4,511.0,477.0,126.0,269.0,D:\pedestrian\JAAD\images\video_0231,1,00214.png
215,pedestrian4,508.0,477.0,126.0,272.0,D:\pedestrian\JAAD\images\video_0231,1,00215.png
216,pedestrian4,506.0,476.0,126.0,274.0,D:\pedestrian\JAAD\images\video_0231,1,00216.png
217,pedestrian4,499.0,476.0,116.0,278.0,D:\pedestrian\JAAD\images\video_0231,1,00217.png
218,pedestrian4,493.0,475.0,105.0,282.0,D:\pedestrian\JAAD\images\video_0231,1,00218.png
219,pedestrian4,486.0,475.0,95.0,286.0,D:\pedestrian\JAAD\images\video_0231,1,00219.png
220,pedestrian4,475.0,477.0,94.0,285.0,D:\pedestrian\JAAD\images\video_0231,1,00220.png
221,pedestrian4,464.0,479.0,92.0,283.0,D:\pedestrian\JAAD\images\video_0231,1,00221.png
222,pedestrian4,453.0,481.0,91.0,282.0,D:\pedestrian\JAAD\images\video_0231,1,00222.png
223,pedestrian4,439.0,481.0,108.0,282.0,D:\pedestrian\JAAD\images\video_0231,1,00223.png
224,pedestrian4,425.0,481.0,124.0,283.0,D:\pedestrian\JAAD\images\video_0231,1,00224.png
225,pedestrian4,411.0,480.0,141.0,283.0,D:\pedestrian\JAAD\images\video_0231,1,00225.png
226,pedestrian4,397.0,480.0,157.0,283.0,D:\pedestrian\JAAD\images\video_0231,1,00226.png
227,pedestrian4,394.0,480.0,142.0,283.0,D:\pedestrian\JAAD\images\video_0231,1,00227.png
228,pedestrian4,391.0,480.0,126.0,283.0,D:\pedestrian\JAAD\images\video_0231,1,00228.png
229,pedestrian4,387.0,480.0,111.0,283.0,D:\pedestrian\JAAD\images\video_0231,1,00229.png
230,pedestrian4,384.0,480.0,95.0,283.0,D:\pedestrian\JAAD\images\video_0231,1,00230.png
231,pedestrian4,373.0,482.0,98.0,285.0,D:\pedestrian\JAAD\images\video_0231,1,00231.png
232,pedestrian4,361.0,485.0,101.0,287.0,D:\pedestrian\JAAD\images\video_0231,1,00232.png
233,pedestrian4,350.0,487.0,104.0,288.0,D:\pedestrian\JAAD\images\video_0231,1,00233.png
234,pedestrian4,338.0,489.0,106.0,290.0,D:\pedestrian\JAAD\images\video_0231,1,00234.png
235,pedestrian4,327.0,492.0,109.0,292.0,D:\pedestrian\JAAD\images\video_0231,1,00235.png
236,pedestrian4,315.0,494.0,112.0,294.0,D:\pedestrian\JAAD\images\video_0231,1,00236.png
237,pedestrian4,304.0,497.0,115.0,296.0,D:\pedestrian\JAAD\images\video_0231,1,00237.png
238,pedestrian4,292.0,499.0,118.0,297.0,D:\pedestrian\JAAD\images\video_0231,1,00238.png
239,pedestrian4,281.0,501.0,121.0,299.0,D:\pedestrian\JAAD\images\video_0231,1,00239.png
240,pedestrian4,269.0,504.0,124.0,301.0,D:\pedestrian\JAAD\images\video_0231,1,00240.png
241,pedestrian4,258.0,506.0,126.0,303.0,D:\pedestrian\JAAD\images\video_0231,1,00241.png
242,pedestrian4,246.0,508.0,129.0,304.0,D:\pedestrian\JAAD\images\video_0231,1,00242.png
243,pedestrian4,235.0,511.0,132.0,306.0,D:\pedestrian\JAAD\images\video_0231,1,00243.png
244,pedestrian4,223.0,513.0,135.0,308.0,D:\pedestrian\JAAD\images\video_0231,1,00244.png
245,pedestrian4,203.0,512.0,127.0,313.0,D:\pedestrian\JAAD\images\video_0231,1,00245.png
246,pedestrian4,183.0,512.0,118.0,317.0,D:\pedestrian\JAAD\images\video_0231,1,00246.png
247,pedestrian4,163.0,511.0,110.0,322.0,D:\pedestrian\JAAD\images\video_0231,1,00247.png
248,pedestrian4,144.0,512.0,111.0,327.0,D:\pedestrian\JAAD\images\video_0231,1,00248.png
249,pedestrian4,125.0,513.0,113.0,332.0,D:\pedestrian\JAAD\images\video_0231,1,00249.png
250,pedestrian4,105.0,514.0,114.0,336.0,D:\pedestrian\JAAD\images\video_0231,1,00250.png
251,pedestrian4,86.0,515.0,115.0,341.0,D:\pedestrian\JAAD\images\video_0231,1,00251.png
252,pedestrian4,69.0,513.0,117.0,348.0,D:\pedestrian\JAAD\images\video_0231,1,00252.png
253,pedestrian4,51.0,511.0,118.0,355.0,D:\pedestrian\JAAD\images\video_0231,1,00253.png
254,pedestrian4,27.0,516.0,130.0,354.0,D:\pedestrian\JAAD\images\video_0231,1,00254.png
255,pedestrian4,3.0,521.0,141.0,352.0,D:\pedestrian\JAAD\images\video_0231,1,00255.png
256,pedestrian4,5.0,528.0,123.0,352.0,D:\pedestrian\JAAD\images\video_0231,1,00256.png
257,pedestrian4,7.0,534.0,104.0,351.0,D:\pedestrian\JAAD\images\video_0231,1,00257.png
258,pedestrian4,4.0,543.0,90.0,350.0,D:\pedestrian\JAAD\images\video_0231,1,00258.png
259,pedestrian4,3.0,544.0,72.0,360.0,D:\pedestrian\JAAD\images\video_0231,1,00259.png
260,pedestrian4,1.0,545.0,54.0,371.0,D:\pedestrian\JAAD\images\video_0231,1,00260.png
0,pedestrian2,1389.0,457.0,41.0,126.0,D:\pedestrian\JAAD\images\video_0231,0,00000.png
1,pedestrian2,1393.0,456.0,41.0,128.0,D:\pedestrian\JAAD\images\video_0231,0,00001.png
2,pedestrian2,1397.0,456.0,42.0,130.0,D:\pedestrian\JAAD\images\video_0231,0,00002.png
3,pedestrian2,1400.0,455.0,42.0,132.0,D:\pedestrian\JAAD\images\video_0231,0,00003.png
4,pedestrian2,1404.0,454.0,42.0,134.0,D:\pedestrian\JAAD\images\video_0231,0,00004.png
5,pedestrian2,1408.0,455.0,43.0,134.0,D:\pedestrian\JAAD\images\video_0231,0,00005.png
6,pedestrian2,1412.0,456.0,44.0,134.0,D:\pedestrian\JAAD\images\video_0231,0,00006.png
7,pedestrian2,1416.0,457.0,45.0,134.0,D:\pedestrian\JAAD\images\video_0231,0,00007.png
8,pedestrian2,1420.0,458.0,47.0,135.0,D:\pedestrian\JAAD\images\video_0231,0,00008.png
9,pedestrian2,1423.0,459.0,48.0,135.0,D:\pedestrian\JAAD\images\video_0231,0,00009.png
10,pedestrian2,1427.0,460.0,50.0,136.0,D:\pedestrian\JAAD\images\video_0231,0,00010.png
11,pedestrian2,1430.0,461.0,51.0,136.0,D:\pedestrian\JAAD\images\video_0231,0,00011.png
12,pedestrian2,1434.0,461.0,51.0,137.0,D:\pedestrian\JAAD\images\video_0231,0,00012.png
13,pedestrian2,1437.0,461.0,51.0,139.0,D:\pedestrian\JAAD\images\video_0231,0,00013.png
14,pedestrian2,1441.0,460.0,51.0,140.0,D:\pedestrian\JAAD\images\video_0231,0,00014.png
15,pedestrian2,1444.0,460.0,51.0,141.0,D:\pedestrian\JAAD\images\video_0231,0,00015.png
16,pedestrian2,1449.0,458.0,50.0,143.0,D:\pedestrian\JAAD\images\video_0231,0,00016.png
17,pedestrian2,1454.0,456.0,49.0,145.0,D:\pedestrian\JAAD\images\video_0231,0,00017.png
18,pedestrian2,1459.0,454.0,48.0,146.0,D:\pedestrian\JAAD\images\video_0231,0,00018.png
19,pedestrian2,1464.0,452.0,47.0,148.0,D:\pedestrian\JAAD\images\video_0231,0,00019.png
20,pedestrian2,1468.0,453.0,48.0,149.0,D:\pedestrian\JAAD\images\video_0231,0,00020.png
21,pedestrian2,1472.0,453.0,48.0,149.0,D:\pedestrian\JAAD\images\video_0231,0,00021.png
22,pedestrian2,1475.0,454.0,49.0,150.0,D:\pedestrian\JAAD\images\video_0231,0,00022.png
23,pedestrian2,1479.0,454.0,49.0,150.0,D:\pedestrian\JAAD\images\video_0231,0,00023.png
24,pedestrian2,1481.0,456.0,53.0,150.0,D:\pedestrian\JAAD\images\video_0231,0,00024.png
25,pedestrian2,1484.0,459.0,58.0,150.0,D:\pedestrian\JAAD\images\video_0231,0,00025.png
26,pedestrian2,1486.0,461.0,62.0,149.0,D:\pedestrian\JAAD\images\video_0231,0,00026.png
27,pedestrian2,1488.0,463.0,66.0,149.0,D:\pedestrian\JAAD\images\video_0231,0,00027.png
28,pedestrian2,1493.0,464.0,64.0,150.0,D:\pedestrian\JAAD\images\video_0231,0,00028.png
29,pedestrian2,1497.0,465.0,62.0,152.0,D:\pedestrian\JAAD\images\video_0231,0,00029.png
30,pedestrian2,1502.0,466.0,59.0,153.0,D:\pedestrian\JAAD\images\video_0231,0,00030.png
31,pedestrian2,1506.0,467.0,57.0,154.0,D:\pedestrian\JAAD\images\video_0231,0,00031.png
32,pedestrian2,1509.0,466.0,57.0,156.0,D:\pedestrian\JAAD\images\video_0231,0,00032.png
33,pedestrian2,1512.0,465.0,57.0,158.0,D:\pedestrian\JAAD\images\video_0231,0,00033.png
34,pedestrian2,1514.0,464.0,57.0,159.0,D:\pedestrian\JAAD\images\video_0231,0,00034.png
35,pedestrian2,1517.0,463.0,57.0,161.0,D:\pedestrian\JAAD\images\video_0231,0,00035.png
36,pedestrian2,1519.0,461.0,57.0,163.0,D:\pedestrian\JAAD\images\video_0231,0,00036.png
37,pedestrian2,1522.0,460.0,58.0,166.0,D:\pedestrian\JAAD\images\video_0231,0,00037.png
38,pedestrian2,1524.0,458.0,58.0,168.0,D:\pedestrian\JAAD\images\video_0231,0,00038.png
39,pedestrian2,1526.0,456.0,58.0,170.0,D:\pedestrian\JAAD\images\video_0231,0,00039.png
40,pedestrian2,1529.0,458.0,59.0,168.0,D:\pedestrian\JAAD\images\video_0231,0,00040.png
41,pedestrian2,1532.0,460.0,59.0,167.0,D:\pedestrian\JAAD\images\video_0231,0,00041.png
42,pedestrian2,1534.0,462.0,60.0,165.0,D:\pedestrian\JAAD\images\video_0231,0,00042.png
43,pedestrian2,1537.0,464.0,60.0,163.0,D:\pedestrian\JAAD\images\video_0231,0,00043.png
44,pedestrian2,1539.0,464.0,60.0,164.0,D:\pedestrian\JAAD\images\video_0231,0,00044.png
45,pedestrian2,1541.0,464.0,60.0,164.0,D:\pedestrian\JAAD\images\video_0231,0,00045.png
46,pedestrian2,1543.0,464.0,60.0,165.0,D:\pedestrian\JAAD\images\video_0231,0,00046.png
47,pedestrian2,1545.0,464.0,60.0,165.0,D:\pedestrian\JAAD\images\video_0231,0,00047.png
48,pedestrian2,1547.0,464.0,60.0,166.0,D:\pedestrian\JAAD\images\video_0231,0,00048.png
49,pedestrian2,1549.0,463.0,60.0,168.0,D:\pedestrian\JAAD\images\video_0231,0,00049.png
50,pedestrian2,1550.0,462.0,61.0,171.0,D:\pedestrian\JAAD\images\video_0231,0,00050.png
51,pedestrian2,1552.0,461.0,61.0,173.0,D:\pedestrian\JAAD\images\video_0231,0,00051.png
52,pedestrian2,1553.0,460.0,61.0,175.0,D:\pedestrian\JAAD\images\video_0231,0,00052.png
53,pedestrian2,1554.0,460.0,61.0,176.0,D:\pedestrian\JAAD\images\video_0231,0,00053.png
54,pedestrian2,1555.0,460.0,62.0,178.0,D:\pedestrian\JAAD\images\video_0231,0,00054.png
55,pedestrian2,1556.0,461.0,62.0,179.0,D:\pedestrian\JAAD\images\video_0231,0,00055.png
56,pedestrian2,1557.0,461.0,63.0,181.0,D:\pedestrian\JAAD\images\video_0231,0,00056.png
57,pedestrian2,1558.0,461.0,63.0,182.0,D:\pedestrian\JAAD\images\video_0231,0,00057.png
58,pedestrian2,1560.0,462.0,64.0,183.0,D:\pedestrian\JAAD\images\video_0231,0,00058.png
59,pedestrian2,1562.0,462.0,66.0,184.0,D:\pedestrian\JAAD\images\video_0231,0,00059.png
60,pedestrian2,1563.0,463.0,67.0,185.0,D:\pedestrian\JAAD\images\video_0231,0,00060.png
61,pedestrian2,1565.0,463.0,68.0,186.0,D:\pedestrian\JAAD\images\video_0231,0,00061.png
62,pedestrian2,1566.0,463.0,69.0,187.0,D:\pedestrian\JAAD\images\video_0231,0,00062.png
63,pedestrian2,1568.0,462.0,69.0,189.0,D:\pedestrian\JAAD\images\video_0231,0,00063.png
64,pedestrian2,1569.0,462.0,70.0,190.0,D:\pedestrian\JAAD\images\video_0231,0,00064.png
65,pedestrian2,1570.0,461.0,70.0,191.0,D:\pedestrian\JAAD\images\video_0231,0,00065.png
66,pedestrian2,1571.0,460.0,69.0,193.0,D:\pedestrian\JAAD\images\video_0231,0,00066.png
67,pedestrian2,1572.0,460.0,68.0,194.0,D:\pedestrian\JAAD\images\video_0231,0,00067.png
68,pedestrian2,1573.0,459.0,67.0,196.0,D:\pedestrian\JAAD\images\video_0231,0,00068.png
69,pedestrian2,1574.0,458.0,66.0,197.0,D:\pedestrian\JAAD\images\video_0231,0,00069.png
70,pedestrian2,1574.0,459.0,67.0,196.0,D:\pedestrian\JAAD\images\video_0231,0,00070.png
71,pedestrian2,1574.0,460.0,68.0,195.0,D:\pedestrian\JAAD\images\video_0231,0,00071.png
72,pedestrian2,1573.0,460.0,69.0,194.0,D:\pedestrian\JAAD\images\video_0231,0,00072.png
73,pedestrian2,1573.0,461.0,70.0,193.0,D:\pedestrian\JAAD\images\video_0231,0,00073.png
74,pedestrian2,1574.0,460.0,71.0,196.0,D:\pedestrian\JAAD\images\video_0231,0,00074.png
75,pedestrian2,1574.0,460.0,71.0,199.0,D:\pedestrian\JAAD\images\video_0231,0,00075.png
76,pedestrian2,1575.0,459.0,72.0,202.0,D:\pedestrian\JAAD\images\video_0231,0,00076.png
77,pedestrian2,1575.0,458.0,72.0,205.0,D:\pedestrian\JAAD\images\video_0231,0,00077.png
78,pedestrian2,1574.0,457.0,72.0,207.0,D:\pedestrian\JAAD\images\video_0231,0,00078.png
79,pedestrian2,1573.0,457.0,73.0,208.0,D:\pedestrian\JAAD\images\video_0231,0,00079.png
80,pedestrian2,1571.0,456.0,73.0,210.0,D:\pedestrian\JAAD\images\video_0231,0,00080.png
81,pedestrian2,1570.0,456.0,74.0,211.0,D:\pedestrian\JAAD\images\video_0231,0,00081.png
82,pedestrian2,1569.0,455.0,74.0,213.0,D:\pedestrian\JAAD\images\video_0231,0,00082.png
83,pedestrian2,1569.0,455.0,72.0,213.0,D:\pedestrian\JAAD\images\video_0231,0,00083.png
84,pedestrian2,1569.0,454.0,70.0,214.0,D:\pedestrian\JAAD\images\video_0231,0,00084.png
85,pedestrian2,1569.0,454.0,68.0,214.0,D:\pedestrian\JAAD\images\video_0231,0,00085.png
86,pedestrian2,1568.0,455.0,69.0,214.0,D:\pedestrian\JAAD\images\video_0231,0,00086.png
87,pedestrian2,1567.0,456.0,71.0,214.0,D:\pedestrian\JAAD\images\video_0231,0,00087.png
88,pedestrian2,1565.0,456.0,72.0,213.0,D:\pedestrian\JAAD\images\video_0231,0,00088.png
89,pedestrian2,1564.0,457.0,73.0,213.0,D:\pedestrian\JAAD\images\video_0231,0,00089.png
90,pedestrian2,1562.0,456.0,73.0,216.0,D:\pedestrian\JAAD\images\video_0231,0,00090.png
91,pedestrian2,1560.0,454.0,73.0,219.0,D:\pedestrian\JAAD\images\video_0231,0,00091.png
92,pedestrian2,1558.0,453.0,72.0,221.0,D:\pedestrian\JAAD\images\video_0231,0,00092.png
93,pedestrian2,1556.0,451.0,72.0,224.0,D:\pedestrian\JAAD\images\video_0231,0,00093.png
94,pedestrian2,1554.0,451.0,73.0,225.0,D:\pedestrian\JAAD\images\video_0231,0,00094.png
95,pedestrian2,1553.0,450.0,74.0,226.0,D:\pedestrian\JAAD\images\video_0231,0,00095.png
96,pedestrian2,1551.0,450.0,75.0,227.0,D:\pedestrian\JAAD\images\video_0231,0,00096.png
97,pedestrian2,1549.0,449.0,76.0,228.0,D:\pedestrian\JAAD\images\video_0231,0,00097.png
98,pedestrian2,1547.0,448.0,78.0,230.0,D:\pedestrian\JAAD\images\video_0231,0,00098.png
99,pedestrian2,1544.0,447.0,79.0,232.0,D:\pedestrian\JAAD\images\video_0231,0,00099.png
100,pedestrian2,1542.0,446.0,81.0,233.0,D:\pedestrian\JAAD\images\video_0231,0,00100.png
101,pedestrian2,1539.0,445.0,82.0,235.0,D:\pedestrian\JAAD\images\video_0231,0,00101.png
102,pedestrian2,1532.0,447.0,88.0,235.0,D:\pedestrian\JAAD\images\video_0231,0,00102.png
103,pedestrian2,1526.0,449.0,95.0,234.0,D:\pedestrian\JAAD\images\video_0231,0,00103.png
104,pedestrian2,1519.0,450.0,101.0,234.0,D:\pedestrian\JAAD\images\video_0231,0,00104.png
105,pedestrian2,1512.0,452.0,107.0,233.0,D:\pedestrian\JAAD\images\video_0231,0,00105.png
106,pedestrian2,1511.0,452.0,103.0,236.0,D:\pedestrian\JAAD\images\video_0231,0,00106.png
107,pedestrian2,1510.0,451.0,98.0,239.0,D:\pedestrian\JAAD\images\video_0231,0,00107.png
108,pedestrian2,1508.0,451.0,94.0,242.0,D:\pedestrian\JAAD\images\video_0231,0,00108.png
109,pedestrian2,1507.0,450.0,89.0,245.0,D:\pedestrian\JAAD\images\video_0231,0,00109.png
110,pedestrian2,1503.0,448.0,87.0,247.0,D:\pedestrian\JAAD\images\video_0231,0,00110.png
111,pedestrian2,1500.0,446.0,86.0,250.0,D:\pedestrian\JAAD\images\video_0231,0,00111.png
112,pedestrian2,1496.0,444.0,84.0,252.0,D:\pedestrian\JAAD\images\video_0231,0,00112.png
113,pedestrian2,1491.0,445.0,87.0,252.0,D:\pedestrian\JAAD\images\video_0231,0,00113.png
114,pedestrian2,1486.0,447.0,89.0,253.0,D:\pedestrian\JAAD\images\video_0231,0,00114.png
115,pedestrian2,1480.0,448.0,92.0,253.0,D:\pedestrian\JAAD\images\video_0231,0,00115.png
116,pedestrian2,1475.0,449.0,94.0,253.0,D:\pedestrian\JAAD\images\video_0231,0,00116.png
117,pedestrian2,1469.0,450.0,95.0,254.0,D:\pedestrian\JAAD\images\video_0231,0,00117.png
118,pedestrian2,1463.0,450.0,95.0,254.0,D:\pedestrian\JAAD\images\video_0231,0,00118.png
119,pedestrian2,1457.0,451.0,96.0,255.0,D:\pedestrian\JAAD\images\video_0231,0,00119.png
120,pedestrian2,1451.0,451.0,96.0,255.0,D:\pedestrian\JAAD\images\video_0231,0,00120.png
121,pedestrian2,1447.0,451.0,99.0,256.0,D:\pedestrian\JAAD\images\video_0231,0,00121.png
122,pedestrian2,1444.0,451.0,103.0,257.0,D:\pedestrian\JAAD\images\video_0231,0,00122.png
123,pedestrian2,1440.0,451.0,106.0,258.0,D:\pedestrian\JAAD\images\video_0231,0,00123.png
124,pedestrian2,1436.0,451.0,109.0,259.0,D:\pedestrian\JAAD\images\video_0231,0,00124.png
125,pedestrian2,1430.0,449.0,110.0,263.0,D:\pedestrian\JAAD\images\video_0231,0,00125.png
126,pedestrian2,1424.0,447.0,111.0,267.0,D:\pedestrian\JAAD\images\video_0231,0,00126.png
127,pedestrian2,1417.0,444.0,111.0,270.0,D:\pedestrian\JAAD\images\video_0231,0,00127.png
128,pedestrian2,1411.0,442.0,112.0,274.0,D:\pedestrian\JAAD\images\video_0231,0,00128.png
129,pedestrian2,1397.0,445.0,122.0,273.0,D:\pedestrian\JAAD\images\video_0231,0,00129.png
130,pedestrian2,1384.0,448.0,131.0,272.0,D:\pedestrian\JAAD\images\video_0231,0,00130.png
131,pedestrian2,1370.0,450.0,141.0,270.0,D:\pedestrian\JAAD\images\video_0231,0,00131.png
132,pedestrian2,1356.0,453.0,150.0,269.0,D:\pedestrian\JAAD\images\video_0231,0,00132.png
133,pedestrian2,1356.0,452.0,142.0,272.0,D:\pedestrian\JAAD\images\video_0231,0,00133.png
134,pedestrian2,1355.0,451.0,134.0,275.0,D:\pedestrian\JAAD\images\video_0231,0,00134.png
135,pedestrian2,1355.0,449.0,125.0,278.0,D:\pedestrian\JAAD\images\video_0231,0,00135.png
136,pedestrian2,1354.0,448.0,117.0,281.0,D:\pedestrian\JAAD\images\video_0231,0,00136.png
137,pedestrian2,1347.0,448.0,118.0,283.0,D:\pedestrian\JAAD\images\video_0231,0,00137.png
138,pedestrian2,1340.0,448.0,119.0,285.0,D:\pedestrian\JAAD\images\video_0231,0,00138.png
139,pedestrian2,1333.0,448.0,119.0,287.0,D:\pedestrian\JAAD\images\video_0231,0,00139.png
140,pedestrian2,1326.0,448.0,120.0,289.0,D:\pedestrian\JAAD\images\video_0231,1,00140.png
141,pedestrian2,1309.0,450.0,129.0,288.0,D:\pedestrian\JAAD\images\video_0231,1,00141.png
142,pedestrian2,1293.0,453.0,138.0,287.0,D:\pedestrian\JAAD\images\video_0231,1,00142.png
143,pedestrian2,1276.0,455.0,147.0,286.0,D:\pedestrian\JAAD\images\video_0231,1,00143.png
144,pedestrian2,1259.0,457.0,156.0,285.0,D:\pedestrian\JAAD\images\video_0231,1,00144.png
145,pedestrian2,1254.0,459.0,154.0,286.0,D:\pedestrian\JAAD\images\video_0231,1,00145.png
146,pedestrian2,1249.0,460.0,153.0,288.0,D:\pedestrian\JAAD\images\video_0231,1,00146.png
147,pedestrian2,1244.0,462.0,151.0,289.0,D:\pedestrian\JAAD\images\video_0231,1,00147.png
148,pedestrian2,1241.0,460.0,143.0,290.0,D:\pedestrian\JAAD\images\video_0231,1,00148.png
149,pedestrian2,1239.0,459.0,135.0,292.0,D:\pedestrian\JAAD\images\video_0231,1,00149.png
150,pedestrian2,1236.0,457.0,127.0,293.0,D:\pedestrian\JAAD\images\video_0231,1,00150.png
151,pedestrian2,1225.0,456.0,130.0,295.0,D:\pedestrian\JAAD\images\video_0231,1,00151.png
152,pedestrian2,1214.0,454.0,133.0,296.0,D:\pedestrian\JAAD\images\video_0231,1,00152.png
153,pedestrian2,1203.0,453.0,136.0,298.0,D:\pedestrian\JAAD\images\video_0231,1,00153.png
154,pedestrian2,1186.0,453.0,145.0,299.0,D:\pedestrian\JAAD\images\video_0231,1,00154.png
155,pedestrian2,1169.0,454.0,154.0,299.0,D:\pedestrian\JAAD\images\video_0231,1,00155.png
156,pedestrian2,1151.0,454.0,163.0,300.0,D:\pedestrian\JAAD\images\video_0231,1,00156.png
157,pedestrian2,1134.0,454.0,172.0,300.0,D:\pedestrian\JAAD\images\video_0231,1,00157.png
158,pedestrian2,1130.0,455.0,166.0,299.0,D:\pedestrian\JAAD\images\video_0231,1,00158.png
159,pedestrian2,1126.0,456.0,160.0,299.0,D:\pedestrian\JAAD\images\video_0231,1,00159.png
160,pedestrian2,1122.0,456.0,154.0,298.0,D:\pedestrian\JAAD\images\video_0231,1,00160.png
161,pedestrian2,1118.0,457.0,148.0,297.0,D:\pedestrian\JAAD\images\video_0231,1,00161.png
162,pedestrian2,1113.0,455.0,145.0,301.0,D:\pedestrian\JAAD\images\video_0231,1,00162.png
163,pedestrian2,1107.0,454.0,142.0,304.0,D:\pedestrian\JAAD\images\video_0231,1,00163.png
164,pedestrian2,1102.0,452.0,139.0,308.0,D:\pedestrian\JAAD\images\video_0231,1,00164.png
165,pedestrian2,1096.0,450.0,136.0,311.0,D:\pedestrian\JAAD\images\video_0231,1,00165.png
166,pedestrian2,1075.0,451.0,148.0,311.0,D:\pedestrian\JAAD\images\video_0231,1,00166.png
167,pedestrian2,1054.0,452.0,160.0,311.0,D:\pedestrian\JAAD\images\video_0231,1,00167.png
168,pedestrian2,1033.0,452.0,171.0,311.0,D:\pedestrian\JAAD\images\video_0231,1,00168.png
169,pedestrian2,1012.0,453.0,183.0,311.0,D:\pedestrian\JAAD\images\video_0231,1,00169.png
170,pedestrian2,1003.0,454.0,185.0,312.0,D:\pedestrian\JAAD\images\video_0231,1,00170.png
171,pedestrian2,993.0,455.0,186.0,314.0,D:\pedestrian\JAAD\images\video_0231,1,00171.png
172,pedestrian2,984.0,455.0,188.0,315.0,D:\pedestrian\JAAD\images\video_0231,1,00172.png
173,pedestrian2,974.0,456.0,189.0,316.0,D:\pedestrian\JAAD\images\video_0231,1,00173.png
174,pedestrian2,975.0,453.0,175.0,319.0,D:\pedestrian\JAAD\images\video_0231,1,00174.png
175,pedestrian2,976.0,451.0,161.0,322.0,D:\pedestrian\JAAD\images\video_0231,1,00175.png
176,pedestrian2,976.0,448.0,146.0,325.0,D:\pedestrian\JAAD\images\video_0231,1,00176.png
177,pedestrian2,977.0,445.0,132.0,328.0,D:\pedestrian\JAAD\images\video_0231,1,00177.png
178,pedestrian2,967.0,445.0,133.0,326.0,D:\pedestrian\JAAD\images\video_0231,1,00178.png
179,pedestrian2,958.0,445.0,133.0,324.0,D:\pedestrian\JAAD\images\video_0231,1,00179.png
180,pedestrian2,948.0,445.0,134.0,322.0,D:\pedestrian\JAAD\images\video_0231,1,00180.png
181,pedestrian2,917.0,449.0,158.0,320.0,D:\pedestrian\JAAD\images\video_0231,1,00181.png
182,pedestrian2,886.0,453.0,181.0,317.0,D:\pedestrian\JAAD\images\video_0231,1,00182.png
183,pedestrian2,855.0,457.0,205.0,315.0,D:\pedestrian\JAAD\images\video_0231,1,00183.png
184,pedestrian2,851.0,457.0,201.0,316.0,D:\pedestrian\JAAD\images\video_0231,1,00184.png
185,pedestrian2,847.0,457.0,198.0,316.0,D:\pedestrian\JAAD\images\video_0231,1,00185.png
186,pedestrian2,843.0,456.0,194.0,317.0,D:\pedestrian\JAAD\images\video_0231,1,00186.png
187,pedestrian2,839.0,456.0,190.0,317.0,D:\pedestrian\JAAD\images\video_0231,1,00187.png
188,pedestrian2,834.0,456.0,178.0,317.0,D:\pedestrian\JAAD\images\video_0231,1,00188.png
189,pedestrian2,830.0,456.0,165.0,317.0,D:\pedestrian\JAAD\images\video_0231,1,00189.png
190,pedestrian2,825.0,456.0,153.0,317.0,D:\pedestrian\JAAD\images\video_0231,1,00190.png
191,pedestrian2,813.0,456.0,153.0,317.0,D:\pedestrian\JAAD\images\video_0231,1,00191.png
192,pedestrian2,802.0,456.0,153.0,318.0,D:\pedestrian\JAAD\images\video_0231,1,00192.png
193,pedestrian2,790.0,457.0,154.0,318.0,D:\pedestrian\JAAD\images\video_0231,1,00193.png
194,pedestrian2,779.0,457.0,154.0,319.0,D:\pedestrian\JAAD\images\video_0231,1,00194.png
195,pedestrian2,767.0,457.0,154.0,319.0,D:\pedestrian\JAAD\images\video_0231,1,00195.png
196,pedestrian2,744.0,459.0,170.0,317.0,D:\pedestrian\JAAD\images\video_0231,1,00196.png
197,pedestrian2,720.0,461.0,185.0,316.0,D:\pedestrian\JAAD\images\video_0231,1,00197.png
198,pedestrian2,697.0,463.0,201.0,314.0,D:\pedestrian\JAAD\images\video_0231,1,00198.png
199,pedestrian2,694.0,462.0,194.0,316.0,D:\pedestrian\JAAD\images\video_0231,1,00199.png
200,pedestrian2,691.0,460.0,187.0,319.0,D:\pedestrian\JAAD\images\video_0231,1,00200.png
201,pedestrian2,687.0,459.0,179.0,321.0,D:\pedestrian\JAAD\images\video_0231,1,00201.png
202,pedestrian2,684.0,457.0,172.0,324.0,D:\pedestrian\JAAD\images\video_0231,1,00202.png
203,pedestrian2,681.0,456.0,165.0,326.0,D:\pedestrian\JAAD\images\video_0231,1,00203.png
204,pedestrian2,675.0,458.0,159.0,325.0,D:\pedestrian\JAAD\images\video_0231,1,00204.png
205,pedestrian2,670.0,460.0,153.0,325.0,D:\pedestrian\JAAD\images\video_0231,1,00205.png
206,pedestrian2,664.0,461.0,146.0,324.0,D:\pedestrian\JAAD\images\video_0231,1,00206.png
207,pedestrian2,658.0,463.0,140.0,323.0,D:\pedestrian\JAAD\images\video_0231,1,00207.png
208,pedestrian2,636.0,462.0,150.0,324.0,D:\pedestrian\JAAD\images\video_0231,1,00208.png
209,pedestrian2,613.0,462.0,159.0,326.0,D:\pedestrian\JAAD\images\video_0231,1,00209.png
210,pedestrian2,591.0,461.0,169.0,327.0,D:\pedestrian\JAAD\images\video_0231,1,00210.png
211,pedestrian2,579.0,463.0,178.0,326.0,D:\pedestrian\JAAD\images\video_0231,1,00211.png
212,pedestrian2,566.0,464.0,188.0,326.0,D:\pedestrian\JAAD\images\video_0231,1,00212.png
213,pedestrian2,554.0,466.0,197.0,325.0,D:\pedestrian\JAAD\images\video_0231,1,00213.png
214,pedestrian2,541.0,467.0,206.0,324.0,D:\pedestrian\JAAD\images\video_0231,1,00214.png
215,pedestrian2,541.0,468.0,191.0,325.0,D:\pedestrian\JAAD\images\video_0231,1,00215.png
216,pedestrian2,541.0,468.0,175.0,326.0,D:\pedestrian\JAAD\images\video_0231,1,00216.png
217,pedestrian2,541.0,469.0,160.0,326.0,D:\pedestrian\JAAD\images\video_0231,1,00217.png
218,pedestrian2,541.0,469.0,144.0,327.0,D:\pedestrian\JAAD\images\video_0231,1,00218.png
219,pedestrian2,530.0,468.0,142.0,330.0,D:\pedestrian\JAAD\images\video_0231,1,00219.png
220,pedestrian2,519.0,467.0,140.0,332.0,D:\pedestrian\JAAD\images\video_0231,1,00220.png
221,pedestrian2,507.0,465.0,138.0,335.0,D:\pedestrian\JAAD\images\video_0231,1,00221.png
222,pedestrian2,496.0,464.0,136.0,337.0,D:\pedestrian\JAAD\images\video_0231,1,00222.png
223,pedestrian2,474.0,468.0,147.0,335.0,D:\pedestrian\JAAD\images\video_0231,1,00223.png
224,pedestrian2,452.0,471.0,157.0,332.0,D:\pedestrian\JAAD\images\video_0231,1,00224.png
225,pedestrian2,430.0,475.0,168.0,330.0,D:\pedestrian\JAAD\images\video_0231,1,00225.png
226,pedestrian2,417.0,477.0,179.0,329.0,D:\pedestrian\JAAD\images\video_0231,1,00226.png
227,pedestrian2,403.0,480.0,190.0,329.0,D:\pedestrian\JAAD\images\video_0231,1,00227.png
228,pedestrian2,390.0,482.0,201.0,328.0,D:\pedestrian\JAAD\images\video_0231,1,00228.png
229,pedestrian2,382.0,482.0,197.0,332.0,D:\pedestrian\JAAD\images\video_0231,1,00229.png
230,pedestrian2,375.0,481.0,193.0,336.0,D:\pedestrian\JAAD\images\video_0231,1,00230.png
231,pedestrian2,367.0,481.0,188.0,339.0,D:\pedestrian\JAAD\images\video_0231,1,00231.png
232,pedestrian2,359.0,480.0,184.0,343.0,D:\pedestrian\JAAD\images\video_0231,1,00232.png
233,pedestrian2,350.0,478.0,166.0,350.0,D:\pedestrian\JAAD\images\video_0231,1,00233.png
234,pedestrian2,342.0,475.0,149.0,356.0,D:\pedestrian\JAAD\images\video_0231,1,00234.png
235,pedestrian2,333.0,473.0,131.0,363.0,D:\pedestrian\JAAD\images\video_0231,1,00235.png
236,pedestrian2,313.0,476.0,137.0,364.0,D:\pedestrian\JAAD\images\video_0231,1,00236.png
237,pedestrian2,293.0,479.0,143.0,365.0,D:\pedestrian\JAAD\images\video_0231,1,00237.png
238,pedestrian2,273.0,482.0,148.0,366.0,D:\pedestrian\JAAD\images\video_0231,1,00238.png
239,pedestrian2,253.0,485.0,154.0,367.0,D:\pedestrian\JAAD\images\video_0231,1,00239.png
240,pedestrian2,227.0,490.0,175.0,370.0,D:\pedestrian\JAAD\images\video_0231,1,00240.png
241,pedestrian2,200.0,494.0,196.0,372.0,D:\pedestrian\JAAD\images\video_0231,1,00241.png
242,pedestrian2,174.0,499.0,217.0,375.0,D:\pedestrian\JAAD\images\video_0231,1,00242.png
243,pedestrian2,164.0,500.0,209.0,380.0,D:\pedestrian\JAAD\images\video_0231,1,00243.png
244,pedestrian2,155.0,502.0,202.0,386.0,D:\pedestrian\JAAD\images\video_0231,1,00244.png
245,pedestrian2,145.0,503.0,194.0,391.0,D:\pedestrian\JAAD\images\video_0231,1,00245.png
246,pedestrian2,128.0,504.0,182.0,396.0,D:\pedestrian\JAAD\images\video_0231,1,00246.png
247,pedestrian2,110.0,504.0,169.0,401.0,D:\pedestrian\JAAD\images\video_0231,1,00247.png
248,pedestrian2,93.0,505.0,157.0,406.0,D:\pedestrian\JAAD\images\video_0231,1,00248.png
249,pedestrian2,70.0,503.0,153.0,414.0,D:\pedestrian\JAAD\images\video_0231,1,00249.png
250,pedestrian2,48.0,502.0,149.0,422.0,D:\pedestrian\JAAD\images\video_0231,1,00250.png
251,pedestrian2,25.0,500.0,144.0,429.0,D:\pedestrian\JAAD\images\video_0231,1,00251.png
252,pedestrian2,2.0,498.0,140.0,437.0,D:\pedestrian\JAAD\images\video_0231,1,00252.png
253,pedestrian2,3.0,505.0,117.0,434.0,D:\pedestrian\JAAD\images\video_0231,1,00253.png
254,pedestrian2,1.0,521.0,100.0,423.0,D:\pedestrian\JAAD\images\video_0231,1,00254.png
255,pedestrian2,3.0,525.0,83.0,432.0,D:\pedestrian\JAAD\images\video_0231,1,00255.png
256,pedestrian2,5.0,528.0,65.0,440.0,D:\pedestrian\JAAD\images\video_0231,1,00256.png
